Country,Year_IDH,HDI,Year
Very high human development,1990,,1996.0
Iceland,1990,0.841,1996.0
Norway,1990,0.856,1996.0
Switzerland,1990,0.858,1996.0
Denmark,1990,0.844,1996.0
Germany,1990,0.834,1996.0
Sweden,1990,0.818,1996.0
Australia,1990,0.867,1996.0
"Hong Kong, China (SAR)",1990,0.755,1996.0
Netherlands,1990,0.855,1996.0
Belgium,1990,0.824,1996.0
Ireland,1990,0.776,1996.0
Finland,1990,0.823,1996.0
Singapore,1990,0.819,1996.0
United Kingdom,1990,0.812,1996.0
United Arab Emirates,1990,0.713,1996.0
Canada,1990,0.865,1996.0
Liechtenstein,1990,..,1996.0
New Zealand,1990,0.811,1996.0
United States,1990,0.878,1996.0
Korea (Republic of),1990,0.738,1996.0
Slovenia,1990,0.734,1996.0
Austria,1990,0.832,1996.0
Japan,1990,0.853,1996.0
Malta,1990,0.735,1996.0
Luxembourg,1990,0.787,1996.0
France,1990,0.798,1996.0
Israel,1990,0.787,1996.0
Spain,1990,0.766,1996.0
Czechia,1990,0.753,1996.0
Italy,1990,0.787,1996.0
San Marino,1990,..,1996.0
Andorra,1990,..,1996.0
Cyprus,1990,0.749,1996.0
Greece,1990,0.77,1996.0
Poland,1990,0.722,1996.0
Estonia,1990,0.738,1996.0
Saudi Arabia,1990,0.67,1996.0
Bahrain,1990,0.734,1996.0
Lithuania,1990,0.745,1996.0
Portugal,1990,0.707,1996.0
Croatia,1990,..,1996.0
Latvia,1990,0.736,1996.0
Qatar,1990,0.767,1996.0
Slovakia,1990,0.698,1996.0
Chile,1990,0.718,1996.0
Hungary,1990,0.73,1996.0
Argentina,1990,0.733,1996.0
Montenegro,1990,..,1996.0
Uruguay,1990,0.713,1996.0
Oman,1990,..,1996.0
Türkiye,1990,0.598,1996.0
Kuwait,1990,0.698,1996.0
Antigua and Barbuda,1990,..,1996.0
Seychelles,1990,..,1996.0
Bulgaria,1990,0.706,1996.0
Romania,1990,0.719,1996.0
Georgia,1990,..,1996.0
Saint Kitts and Nevis,1990,..,1996.0
Panama,1990,0.672,1996.0
Brunei Darussalam,1990,0.781,1996.0
Kazakhstan,1990,0.689,1996.0
Costa Rica,1990,0.677,1996.0
Serbia,1990,..,1996.0
Russian Federation,1990,0.762,1996.0
Belarus,1990,..,1996.0
Bahamas,1990,0.762,1996.0
Malaysia,1990,0.653,1996.0
North Macedonia,1990,0.644,1996.0
Armenia,1990,0.663,1996.0
Barbados,1990,0.73,1996.0
Albania,1990,0.654,1996.0
Trinidad and Tobago,1990,0.661,1996.0
Mauritius,1990,0.627,1996.0
Bosnia and Herzegovina,1990,..,1996.0
High human development,1990,,1996.0
Iran (Islamic Republic of),1990,0.626,1996.0
Saint Vincent and the Grenadines,1990,..,1996.0
Thailand,1990,0.584,1996.0
China,1990,0.491,1996.0
Peru,1990,0.625,1996.0
Grenada,1990,..,1996.0
Azerbaijan,1990,..,1996.0
Mexico,1990,0.668,1996.0
Colombia,1990,0.623,1996.0
Brazil,1990,0.641,1996.0
Palau,1990,..,1996.0
Moldova (Republic of),1990,..,1996.0
Ukraine,1990,0.75,1996.0
Ecuador,1990,0.646,1996.0
Dominican Republic,1990,0.589,1996.0
Guyana,1990,0.494,1996.0
Sri Lanka,1990,0.638,1996.0
Tonga,1990,0.641,1996.0
Maldives,1990,..,1996.0
Viet Nam,1990,0.499,1996.0
Turkmenistan,1990,..,1996.0
Algeria,1990,0.595,1996.0
Cuba,1990,0.687,1996.0
Dominica,1990,..,1996.0
Paraguay,1990,0.607,1996.0
Egypt,1990,0.572,1996.0
Jordan,1990,0.619,1996.0
Lebanon,1990,..,1996.0
Saint Lucia,1990,0.683,1996.0
Mongolia,1990,0.593,1996.0
Tunisia,1990,0.569,1996.0
South Africa,1990,0.633,1996.0
Uzbekistan,1990,..,1996.0
Bolivia (Plurinational State of),1990,0.552,1996.0
Gabon,1990,0.621,1996.0
Marshall Islands,1990,..,1996.0
Botswana,1990,0.59,1996.0
Fiji,1990,0.629,1996.0
Indonesia,1990,0.531,1996.0
Suriname,1990,..,1996.0
Belize,1990,0.617,1996.0
Libya,1990,0.69,1996.0
Jamaica,1990,0.662,1996.0
Kyrgyzstan,1990,0.649,1996.0
Philippines,1990,0.593,1996.0
Morocco,1990,0.451,1996.0
Venezuela (Bolivarian Republic of),1990,0.658,1996.0
Samoa,1990,..,1996.0
Nicaragua,1990,0.515,1996.0
Nauru,1990,..,1996.0
Medium human development,1990,,1996.0
Bhutan,1990,..,1996.0
Eswatini (Kingdom of),1990,0.57,1996.0
Iraq,1990,0.531,1996.0
Tajikistan,1990,..,1996.0
Tuvalu,1990,0.566,1996.0
Bangladesh,1990,0.397,1996.0
India,1990,0.446,1996.0
El Salvador,1990,0.523,1996.0
Equatorial Guinea,1990,..,1996.0
"Palestine, State of",1990,..,1996.0
Cabo Verde,1990,..,1996.0
Namibia,1990,0.597,1996.0
Guatemala,1990,0.499,1996.0
Congo,1990,0.573,1996.0
Honduras,1990,0.516,1996.0
Kiribati,1990,..,1996.0
Sao Tome and Principe,1990,..,1996.0
Timor-Leste,1990,..,1996.0
Ghana,1990,0.432,1996.0
Kenya,1990,0.485,1996.0
Nepal,1990,0.404,1996.0
Vanuatu,1990,..,1996.0
Lao People's Democratic Republic,1990,0.409,1996.0
Angola,1990,..,1996.0
Micronesia (Federated States of),1990,..,1996.0
Myanmar,1990,0.347,1996.0
Cambodia,1990,0.387,1996.0
Comoros,1990,..,1996.0
Zimbabwe,1990,0.5,1996.0
Zambia,1990,0.422,1996.0
Cameroon,1990,0.448,1996.0
Solomon Islands,1990,..,1996.0
Côte d'Ivoire,1990,0.389,1996.0
Uganda,1990,0.342,1996.0
Rwanda,1990,..,1996.0
Papua New Guinea,1990,0.403,1996.0
Togo,1990,0.412,1996.0
Syrian Arab Republic,1990,0.572,1996.0
Mauritania,1990,0.396,1996.0
Nigeria,1990,0.379,1996.0
Tanzania (United Republic of),1990,0.381,1996.0
Haiti,1990,0.461,1996.0
Lesotho,1990,0.483,1996.0
Low human development,1990,,1996.0
Pakistan,1990,0.396,1996.0
Senegal,1990,0.377,1996.0
Gambia,1990,0.331,1996.0
Congo (Democratic Republic of the),1990,0.388,1996.0
Malawi,1990,0.306,1996.0
Benin,1990,0.351,1996.0
Guinea-Bissau,1990,..,1996.0
Djibouti,1990,..,1996.0
Sudan,1990,..,1996.0
Liberia,1990,..,1996.0
Eritrea,1990,..,1996.0
Guinea,1990,0.282,1996.0
Ethiopia,1990,..,1996.0
Afghanistan,1990,0.285,1996.0
Mozambique,1990,0.246,1996.0
Madagascar,1990,..,1996.0
Yemen,1990,0.359,1996.0
Sierra Leone,1990,0.313,1996.0
Burkina Faso,1990,..,1996.0
Burundi,1990,0.294,1996.0
Mali,1990,0.24,1996.0
Niger,1990,0.215,1996.0
Chad,1990,..,1996.0
Central African Republic,1990,0.342,1996.0
Somalia,1990,..,1996.0
South Sudan,1990,..,1996.0
Other countries or territories,1990,,1996.0
Korea (Democratic People's Rep. of),1990,..,1996.0
Monaco,1990,..,1996.0
,1990,,1996.0
Human development groups,1990,,1996.0
Very high human development,1990,0.797,1996.0
High human development,1990,0.569,1996.0
Medium human development,1990,0.439,1996.0
Low human development,1990,0.346,1996.0
,1990,,1996.0
Developing countries,1990,0.52,1996.0
,1990,,1996.0
Regions,1990,,1996.0
Arab States,1990,0.55,1996.0
East Asia and the Pacific,1990,0.514,1996.0
Europe and Central Asia,1990,0.674,1996.0
Latin America and the Caribbean,1990,0.648,1996.0
South Asia,1990,0.454,1996.0
Sub-Saharan Africa,1990,0.405,1996.0
,1990,,1996.0
Least developed countries,1990,0.36,1996.0
Small island developing states,1990,0.617,1996.0
,1990,,1996.0
Organisation for Economic Co-operation and Development,1990,0.801,1996.0
,1990,,1996.0
World,1990,0.608,1996.0
,1990,,1996.0
Notes,1990,,1996.0
"For HDI values that are comparable across years and countries, use this table or the interpolated data at http://hdr.undp.org/en/data, which present trends using consistent data.",1990,,1996.0
a. A positive value indicates an improvement in rank.,1990,,1996.0
b. Value reported with relaxed aggregation rule. For more details see Reader's guide.,1990,,1996.0
,1990,,1996.0
Definitions,1990,,1996.0
"Human Development Index (HDI): A composite index measuring average achievement in three basic dimensions of human development—a long and healthy life, knowledge and a decent standard of living. See Technical note 1 at https://hdr.undp.org/sites/default/files/2025_HDR/hdr2025_technical_notes.pdf  for details on how the HDI is calculated.",1990,,1996.0
"Average annual HDI growth: A smoothed annualized growth of the HDI in a given period, calculated as the annual compound growth rate.",1990,,1996.0
,1990,,1996.0
Main data sources,1990,,1996.0
"Columns 1-8: HDRO calculations based on data from Barro and Lee (2018), IMF (2024), UNDESA (2024a), UNESCO Institute for Statistics (2024), United Nations Statistics Division (2025) and World Bank (2024a).",1990,,1996.0
Column 9: Calculated based on data in columns 4 and 8.,1990,,1996.0
"Columns 10-13: Calculated based on data in columns 1, 2, 3 and 8.",1990,,1996.0
Very high human development,2000,,2000.0
Iceland,2000,0.902,2000.0
Norway,2000,0.924,2000.0
Switzerland,2000,0.892,2000.0
Denmark,2000,0.896,2000.0
Germany,2000,0.897,2000.0
Sweden,2000,0.912,2000.0
Australia,2000,0.897,2000.0
"Hong Kong, China (SAR)",2000,0.839,2000.0
Netherlands,2000,0.9,2000.0
Belgium,2000,0.894,2000.0
Ireland,2000,0.869,2000.0
Finland,2000,0.898,2000.0
Singapore,2000,0.882,2000.0
United Kingdom,2000,0.87,2000.0
United Arab Emirates,2000,0.79,2000.0
Canada,2000,0.894,2000.0
Liechtenstein,2000,0.882,2000.0
New Zealand,2000,0.896,2000.0
United States,2000,0.895,2000.0
Korea (Republic of),2000,0.83,2000.0
Slovenia,2000,0.829,2000.0
Austria,2000,0.879,2000.0
Japan,2000,0.889,2000.0
Malta,2000,0.79,2000.0
Luxembourg,2000,0.861,2000.0
France,2000,0.852,2000.0
Israel,2000,0.839,2000.0
Spain,2000,0.833,2000.0
Czechia,2000,0.817,2000.0
Italy,2000,0.849,2000.0
San Marino,2000,0.881,2000.0
Andorra,2000,0.825,2000.0
Cyprus,2000,0.808,2000.0
Greece,2000,0.828,2000.0
Poland,2000,0.801,2000.0
Estonia,2000,0.793,2000.0
Saudi Arabia,2000,0.737,2000.0
Bahrain,2000,0.775,2000.0
Lithuania,2000,0.778,2000.0
Portugal,2000,0.797,2000.0
Croatia,2000,0.769,2000.0
Latvia,2000,0.764,2000.0
Qatar,2000,0.795,2000.0
Slovakia,2000,0.774,2000.0
Chile,2000,0.771,2000.0
Hungary,2000,0.781,2000.0
Argentina,2000,0.789,2000.0
Montenegro,2000,..,2000.0
Uruguay,2000,0.764,2000.0
Oman,2000,0.707,2000.0
Türkiye,2000,0.669,2000.0
Kuwait,2000,0.778,2000.0
Antigua and Barbuda,2000,..,2000.0
Seychelles,2000,..,2000.0
Bulgaria,2000,0.733,2000.0
Romania,2000,0.73,2000.0
Georgia,2000,0.705,2000.0
Saint Kitts and Nevis,2000,..,2000.0
Panama,2000,0.718,2000.0
Brunei Darussalam,2000,0.792,2000.0
Kazakhstan,2000,0.692,2000.0
Costa Rica,2000,0.72,2000.0
Serbia,2000,0.701,2000.0
Russian Federation,2000,0.75,2000.0
Belarus,2000,0.724,2000.0
Bahamas,2000,0.787,2000.0
Malaysia,2000,0.733,2000.0
North Macedonia,2000,0.686,2000.0
Armenia,2000,0.667,2000.0
Barbados,2000,0.762,2000.0
Albania,2000,0.682,2000.0
Trinidad and Tobago,2000,0.714,2000.0
Mauritius,2000,0.683,2000.0
Bosnia and Herzegovina,2000,0.674,2000.0
High human development,2000,,2000.0
Iran (Islamic Republic of),2000,0.71,2000.0
Saint Vincent and the Grenadines,2000,0.7,2000.0
Thailand,2000,0.657,2000.0
China,2000,0.598,2000.0
Peru,2000,0.682,2000.0
Grenada,2000,..,2000.0
Azerbaijan,2000,0.652,2000.0
Mexico,2000,0.712,2000.0
Colombia,2000,0.679,2000.0
Brazil,2000,0.69,2000.0
Palau,2000,0.736,2000.0
Moldova (Republic of),2000,..,2000.0
Ukraine,2000,0.716,2000.0
Ecuador,2000,0.683,2000.0
Dominican Republic,2000,0.658,2000.0
Guyana,2000,0.567,2000.0
Sri Lanka,2000,0.702,2000.0
Tonga,2000,0.688,2000.0
Maldives,2000,0.639,2000.0
Viet Nam,2000,0.604,2000.0
Turkmenistan,2000,..,2000.0
Algeria,2000,0.651,2000.0
Cuba,2000,0.697,2000.0
Dominica,2000,0.721,2000.0
Paraguay,2000,0.664,2000.0
Egypt,2000,0.639,2000.0
Jordan,2000,0.672,2000.0
Lebanon,2000,..,2000.0
Saint Lucia,2000,0.71,2000.0
Mongolia,2000,0.611,2000.0
Tunisia,2000,0.654,2000.0
South Africa,2000,0.618,2000.0
Uzbekistan,2000,0.603,2000.0
Bolivia (Plurinational State of),2000,0.63,2000.0
Gabon,2000,0.652,2000.0
Marshall Islands,2000,..,2000.0
Botswana,2000,0.594,2000.0
Fiji,2000,0.668,2000.0
Indonesia,2000,0.6,2000.0
Suriname,2000,..,2000.0
Belize,2000,0.671,2000.0
Libya,2000,0.727,2000.0
Jamaica,2000,0.659,2000.0
Kyrgyzstan,2000,0.627,2000.0
Philippines,2000,0.632,2000.0
Morocco,2000,0.528,2000.0
Venezuela (Bolivarian Republic of),2000,0.703,2000.0
Samoa,2000,0.676,2000.0
Nicaragua,2000,0.593,2000.0
Nauru,2000,..,2000.0
Medium human development,2000,,2000.0
Bhutan,2000,..,2000.0
Eswatini (Kingdom of),2000,0.493,2000.0
Iraq,2000,0.592,2000.0
Tajikistan,2000,0.554,2000.0
Tuvalu,2000,0.61,2000.0
Bangladesh,2000,0.477,2000.0
India,2000,0.501,2000.0
El Salvador,2000,0.607,2000.0
Equatorial Guinea,2000,0.508,2000.0
"Palestine, State of",2000,..,2000.0
Cabo Verde,2000,0.585,2000.0
Namibia,2000,0.561,2000.0
Guatemala,2000,0.563,2000.0
Congo,2000,0.545,2000.0
Honduras,2000,0.558,2000.0
Kiribati,2000,..,2000.0
Sao Tome and Principe,2000,..,2000.0
Timor-Leste,2000,0.507,2000.0
Ghana,2000,0.487,2000.0
Kenya,2000,0.5,2000.0
Nepal,2000,0.471,2000.0
Vanuatu,2000,..,2000.0
Lao People's Democratic Republic,2000,0.473,2000.0
Angola,2000,0.391,2000.0
Micronesia (Federated States of),2000,0.596,2000.0
Myanmar,2000,0.415,2000.0
Cambodia,2000,0.438,2000.0
Comoros,2000,0.461,2000.0
Zimbabwe,2000,0.458,2000.0
Zambia,2000,0.429,2000.0
Cameroon,2000,0.439,2000.0
Solomon Islands,2000,0.547,2000.0
Côte d'Ivoire,2000,0.419,2000.0
Uganda,2000,0.407,2000.0
Rwanda,2000,0.34,2000.0
Papua New Guinea,2000,0.456,2000.0
Togo,2000,0.448,2000.0
Syrian Arab Republic,2000,0.594,2000.0
Mauritania,2000,0.468,2000.0
Nigeria,2000,0.435,2000.0
Tanzania (United Republic of),2000,0.414,2000.0
Haiti,2000,0.497,2000.0
Lesotho,2000,0.462,2000.0
Low human development,2000,,2000.0
Pakistan,2000,0.436,2000.0
Senegal,2000,0.398,2000.0
Gambia,2000,0.403,2000.0
Congo (Democratic Republic of the),2000,0.391,2000.0
Malawi,2000,0.394,2000.0
Benin,2000,0.415,2000.0
Guinea-Bissau,2000,..,2000.0
Djibouti,2000,0.337,2000.0
Sudan,2000,..,2000.0
Liberia,2000,0.443,2000.0
Eritrea,2000,..,2000.0
Guinea,2000,0.359,2000.0
Ethiopia,2000,0.293,2000.0
Afghanistan,2000,0.351,2000.0
Mozambique,2000,0.311,2000.0
Madagascar,2000,0.443,2000.0
Yemen,2000,0.439,2000.0
Sierra Leone,2000,0.318,2000.0
Burkina Faso,2000,..,2000.0
Burundi,2000,0.308,2000.0
Mali,2000,0.32,2000.0
Niger,2000,0.266,2000.0
Chad,2000,0.303,2000.0
Central African Republic,2000,0.333,2000.0
Somalia,2000,..,2000.0
South Sudan,2000,..,2000.0
Other countries or territories,2000,,2000.0
Korea (Democratic People's Rep. of),2000,..,2000.0
Monaco,2000,..,2000.0
,2000,,2000.0
Human development groups,2000,,2000.0
Very high human development,2000,0.838,2000.0
High human development,2000,0.636,2000.0
Medium human development,2000,0.491,2000.0
Low human development,2000,0.393,2000.0
,2000,,2000.0
Developing countries,2000,0.576,2000.0
,2000,,2000.0
Regions,2000,,2000.0
Arab States,2000,0.615,2000.0
East Asia and the Pacific,2000,0.604,2000.0
Europe and Central Asia,2000,0.686,2000.0
Latin America and the Caribbean,2000,0.697,2000.0
South Asia,2000,0.508,2000.0
Sub-Saharan Africa,2000,0.435,2000.0
,2000,,2000.0
Least developed countries,2000,0.411,2000.0
Small island developing states,2000,0.66,2000.0
,2000,,2000.0
Organisation for Economic Co-operation and Development,2000,0.846,2000.0
,2000,,2000.0
World,2000,0.651,2000.0
,2000,,2000.0
Notes,2000,,2000.0
"For HDI values that are comparable across years and countries, use this table or the interpolated data at http://hdr.undp.org/en/data, which present trends using consistent data.",2000,,2000.0
a. A positive value indicates an improvement in rank.,2000,,2000.0
b. Value reported with relaxed aggregation rule. For more details see Reader's guide.,2000,,2000.0
,2000,,2000.0
Definitions,2000,,2000.0
"Human Development Index (HDI): A composite index measuring average achievement in three basic dimensions of human development—a long and healthy life, knowledge and a decent standard of living. See Technical note 1 at https://hdr.undp.org/sites/default/files/2025_HDR/hdr2025_technical_notes.pdf  for details on how the HDI is calculated.",2000,,2000.0
"Average annual HDI growth: A smoothed annualized growth of the HDI in a given period, calculated as the annual compound growth rate.",2000,,2000.0
,2000,,2000.0
Main data sources,2000,,2000.0
"Columns 1-8: HDRO calculations based on data from Barro and Lee (2018), IMF (2024), UNDESA (2024a), UNESCO Institute for Statistics (2024), United Nations Statistics Division (2025) and World Bank (2024a).",2000,,2000.0
Column 9: Calculated based on data in columns 4 and 8.,2000,,2000.0
"Columns 10-13: Calculated based on data in columns 1, 2, 3 and 8.",2000,,2000.0
Very high human development,2010,,2008.0
Iceland,2010,0.935,2008.0
Norway,2010,0.947,2008.0
Switzerland,2010,0.945,2008.0
Denmark,2010,0.92,2008.0
Germany,2010,0.936,2008.0
Sweden,2010,0.918,2008.0
Australia,2010,0.929,2008.0
"Hong Kong, China (SAR)",2010,0.912,2008.0
Netherlands,2010,0.925,2008.0
Belgium,2010,0.921,2008.0
Ireland,2010,0.915,2008.0
Finland,2010,0.92,2008.0
Singapore,2010,0.932,2008.0
United Kingdom,2010,0.921,2008.0
United Arab Emirates,2010,0.835,2008.0
Canada,2010,0.918,2008.0
Liechtenstein,2010,0.914,2008.0
New Zealand,2010,0.926,2008.0
United States,2010,0.919,2008.0
Korea (Republic of),2010,0.894,2008.0
Slovenia,2010,0.896,2008.0
Austria,2010,0.912,2008.0
Japan,2010,0.907,2008.0
Malta,2010,0.867,2008.0
Luxembourg,2010,0.909,2008.0
France,2010,0.888,2008.0
Israel,2010,0.889,2008.0
Spain,2010,0.875,2008.0
Czechia,2010,0.88,2008.0
Italy,2010,0.887,2008.0
San Marino,2010,0.905,2008.0
Andorra,2010,0.87,2008.0
Cyprus,2010,0.869,2008.0
Greece,2010,0.876,2008.0
Poland,2010,0.852,2008.0
Estonia,2010,0.868,2008.0
Saudi Arabia,2010,0.801,2008.0
Bahrain,2010,0.81,2008.0
Lithuania,2010,0.854,2008.0
Portugal,2010,0.836,2008.0
Croatia,2010,0.831,2008.0
Latvia,2010,0.833,2008.0
Qatar,2010,0.834,2008.0
Slovakia,2010,0.851,2008.0
Chile,2010,0.823,2008.0
Hungary,2010,0.838,2008.0
Argentina,2010,0.844,2008.0
Montenegro,2010,0.815,2008.0
Uruguay,2010,0.796,2008.0
Oman,2010,0.804,2008.0
Türkiye,2010,0.75,2008.0
Kuwait,2010,0.812,2008.0
Antigua and Barbuda,2010,0.828,2008.0
Seychelles,2010,0.758,2008.0
Bulgaria,2010,0.799,2008.0
Romania,2010,0.822,2008.0
Georgia,2010,0.77,2008.0
Saint Kitts and Nevis,2010,0.791,2008.0
Panama,2010,0.775,2008.0
Brunei Darussalam,2010,0.83,2008.0
Kazakhstan,2010,0.781,2008.0
Costa Rica,2010,0.776,2008.0
Serbia,2010,0.775,2008.0
Russian Federation,2010,0.808,2008.0
Belarus,2010,0.803,2008.0
Bahamas,2010,0.801,2008.0
Malaysia,2010,0.779,2008.0
North Macedonia,2010,0.765,2008.0
Armenia,2010,0.747,2008.0
Barbados,2010,0.797,2008.0
Albania,2010,0.769,2008.0
Trinidad and Tobago,2010,0.789,2008.0
Mauritius,2010,0.755,2008.0
Bosnia and Herzegovina,2010,0.725,2008.0
High human development,2010,,2008.0
Iran (Islamic Republic of),2010,0.778,2008.0
Saint Vincent and the Grenadines,2010,0.746,2008.0
Thailand,2010,0.742,2008.0
China,2010,0.71,2008.0
Peru,2010,0.731,2008.0
Grenada,2010,0.771,2008.0
Azerbaijan,2010,0.744,2008.0
Mexico,2010,0.751,2008.0
Colombia,2010,0.741,2008.0
Brazil,2010,0.748,2008.0
Palau,2010,0.779,2008.0
Moldova (Republic of),2010,0.739,2008.0
Ukraine,2010,0.782,2008.0
Ecuador,2010,0.737,2008.0
Dominican Republic,2010,0.715,2008.0
Guyana,2010,0.647,2008.0
Sri Lanka,2010,0.748,2008.0
Tonga,2010,0.724,2008.0
Maldives,2010,0.689,2008.0
Viet Nam,2010,0.686,2008.0
Turkmenistan,2010,0.7,2008.0
Algeria,2010,0.718,2008.0
Cuba,2010,0.783,2008.0
Dominica,2010,0.747,2008.0
Paraguay,2010,0.709,2008.0
Egypt,2010,0.677,2008.0
Jordan,2010,0.732,2008.0
Lebanon,2010,0.75,2008.0
Saint Lucia,2010,0.749,2008.0
Mongolia,2010,0.714,2008.0
Tunisia,2010,0.717,2008.0
South Africa,2010,0.669,2008.0
Uzbekistan,2010,0.681,2008.0
Bolivia (Plurinational State of),2010,0.677,2008.0
Gabon,2010,0.684,2008.0
Marshall Islands,2010,..,2008.0
Botswana,2010,0.652,2008.0
Fiji,2010,0.697,2008.0
Indonesia,2010,0.67,2008.0
Suriname,2010,0.707,2008.0
Belize,2010,0.727,2008.0
Libya,2010,0.755,2008.0
Jamaica,2010,0.708,2008.0
Kyrgyzstan,2010,0.668,2008.0
Philippines,2010,0.669,2008.0
Morocco,2010,0.607,2008.0
Venezuela (Bolivarian Republic of),2010,0.764,2008.0
Samoa,2010,0.708,2008.0
Nicaragua,2010,0.651,2008.0
Nauru,2010,0.616,2008.0
Medium human development,2010,,2008.0
Bhutan,2010,0.593,2008.0
Eswatini (Kingdom of),2010,0.534,2008.0
Iraq,2010,0.65,2008.0
Tajikistan,2010,0.639,2008.0
Tuvalu,2010,0.636,2008.0
Bangladesh,2010,0.561,2008.0
India,2010,0.59,2008.0
El Salvador,2010,0.66,2008.0
Equatorial Guinea,2010,0.612,2008.0
"Palestine, State of",2010,0.691,2008.0
Cabo Verde,2010,0.648,2008.0
Namibia,2010,0.591,2008.0
Guatemala,2010,0.623,2008.0
Congo,2010,0.609,2008.0
Honduras,2010,0.596,2008.0
Kiribati,2010,0.6,2008.0
Sao Tome and Principe,2010,0.564,2008.0
Timor-Leste,2010,0.645,2008.0
Ghana,2010,0.558,2008.0
Kenya,2010,0.552,2008.0
Nepal,2010,0.551,2008.0
Vanuatu,2010,0.582,2008.0
Lao People's Democratic Republic,2010,0.556,2008.0
Angola,2010,0.528,2008.0
Micronesia (Federated States of),2010,0.603,2008.0
Myanmar,2010,0.515,2008.0
Cambodia,2010,0.543,2008.0
Comoros,2010,0.534,2008.0
Zimbabwe,2010,0.512,2008.0
Zambia,2010,0.533,2008.0
Cameroon,2010,0.529,2008.0
Solomon Islands,2010,0.564,2008.0
Côte d'Ivoire,2010,0.465,2008.0
Uganda,2010,0.514,2008.0
Rwanda,2010,0.504,2008.0
Papua New Guinea,2010,0.503,2008.0
Togo,2010,0.483,2008.0
Syrian Arab Republic,2010,0.669,2008.0
Mauritania,2010,0.525,2008.0
Nigeria,2010,0.502,2008.0
Tanzania (United Republic of),2010,0.513,2008.0
Haiti,2010,0.452,2008.0
Lesotho,2010,0.478,2008.0
Low human development,2010,,2008.0
Pakistan,2010,0.5,2008.0
Senegal,2010,0.477,2008.0
Gambia,2010,0.463,2008.0
Congo (Democratic Republic of the),2010,0.44,2008.0
Malawi,2010,0.475,2008.0
Benin,2010,0.485,2008.0
Guinea-Bissau,2010,0.452,2008.0
Djibouti,2010,0.421,2008.0
Sudan,2010,0.479,2008.0
Liberia,2010,0.467,2008.0
Eritrea,2010,0.465,2008.0
Guinea,2010,0.43,2008.0
Ethiopia,2010,0.415,2008.0
Afghanistan,2010,0.465,2008.0
Mozambique,2010,0.419,2008.0
Madagascar,2010,0.493,2008.0
Yemen,2010,0.502,2008.0
Sierra Leone,2010,0.41,2008.0
Burkina Faso,2010,0.377,2008.0
Burundi,2010,0.416,2008.0
Mali,2010,0.41,2008.0
Niger,2010,0.339,2008.0
Chad,2010,0.375,2008.0
Central African Republic,2010,0.358,2008.0
Somalia,2010,..,2008.0
South Sudan,2010,0.42,2008.0
Other countries or territories,2010,,2008.0
Korea (Democratic People's Rep. of),2010,..,2008.0
Monaco,2010,..,2008.0
,2010,,2008.0
Human development groups,2010,,2008.0
Very high human development,2010,0.879,2008.0
High human development,2010,0.714,2008.0
Medium human development,2010,0.573,2008.0
Low human development,2010,0.467,2008.0
,2010,,2008.0
Developing countries,2010,0.649,2008.0
,2010,,2008.0
Regions,2010,,2008.0
Arab States,2010,0.67,2008.0
East Asia and the Pacific,2010,0.699,2008.0
Europe and Central Asia,2010,0.753,2008.0
Latin America and the Caribbean,2010,0.747,2008.0
South Asia,2010,0.59,2008.0
Sub-Saharan Africa,2010,0.51,2008.0
,2010,,2008.0
Least developed countries,2010,0.494,2008.0
Small island developing states,2010,0.702,2008.0
,2010,,2008.0
Organisation for Economic Co-operation and Development,2010,0.883,2008.0
,2010,,2008.0
World,2010,0.707,2008.0
,2010,,2008.0
Notes,2010,,2008.0
"For HDI values that are comparable across years and countries, use this table or the interpolated data at http://hdr.undp.org/en/data, which present trends using consistent data.",2010,,2008.0
a. A positive value indicates an improvement in rank.,2010,,2008.0
b. Value reported with relaxed aggregation rule. For more details see Reader's guide.,2010,,2008.0
,2010,,2008.0
Definitions,2010,,2008.0
"Human Development Index (HDI): A composite index measuring average achievement in three basic dimensions of human development—a long and healthy life, knowledge and a decent standard of living. See Technical note 1 at https://hdr.undp.org/sites/default/files/2025_HDR/hdr2025_technical_notes.pdf  for details on how the HDI is calculated.",2010,,2008.0
"Average annual HDI growth: A smoothed annualized growth of the HDI in a given period, calculated as the annual compound growth rate.",2010,,2008.0
,2010,,2008.0
Main data sources,2010,,2008.0
"Columns 1-8: HDRO calculations based on data from Barro and Lee (2018), IMF (2024), UNDESA (2024a), UNESCO Institute for Statistics (2024), United Nations Statistics Division (2025) and World Bank (2024a).",2010,,2008.0
Column 9: Calculated based on data in columns 4 and 8.,2010,,2008.0
"Columns 10-13: Calculated based on data in columns 1, 2, 3 and 8.",2010,,2008.0
Very high human development,2015,,2016.0
Iceland,2015,0.956,2016.0
Norway,2015,0.959,2016.0
Switzerland,2015,0.957,2016.0
Denmark,2015,0.943,2016.0
Germany,2015,0.948,2016.0
Sweden,2015,0.945,2016.0
Australia,2015,0.938,2016.0
"Hong Kong, China (SAR)",2015,0.937,2016.0
Netherlands,2015,0.94,2016.0
Belgium,2015,0.933,2016.0
Ireland,2015,0.931,2016.0
Finland,2015,0.938,2016.0
Singapore,2015,0.935,2016.0
United Kingdom,2015,0.931,2016.0
United Arab Emirates,2015,0.857,2016.0
Canada,2015,0.932,2016.0
Liechtenstein,2015,0.925,2016.0
New Zealand,2015,0.934,2016.0
United States,2015,0.928,2016.0
Korea (Republic of),2015,0.914,2016.0
Slovenia,2015,0.909,2016.0
Austria,2015,0.919,2016.0
Japan,2015,0.917,2016.0
Malta,2015,0.892,2016.0
Luxembourg,2015,0.913,2016.0
France,2015,0.901,2016.0
Israel,2015,0.902,2016.0
Spain,2015,0.895,2016.0
Czechia,2015,0.9,2016.0
Italy,2015,0.889,2016.0
San Marino,2015,0.896,2016.0
Andorra,2015,0.869,2016.0
Cyprus,2015,0.882,2016.0
Greece,2015,0.888,2016.0
Poland,2015,0.879,2016.0
Estonia,2015,0.888,2016.0
Saudi Arabia,2015,0.851,2016.0
Bahrain,2015,0.868,2016.0
Lithuania,2015,0.869,2016.0
Portugal,2015,0.857,2016.0
Croatia,2015,0.852,2016.0
Latvia,2015,0.859,2016.0
Qatar,2015,0.86,2016.0
Slovakia,2015,0.861,2016.0
Chile,2015,0.855,2016.0
Hungary,2015,0.847,2016.0
Argentina,2015,0.859,2016.0
Montenegro,2015,0.839,2016.0
Uruguay,2015,0.818,2016.0
Oman,2015,0.838,2016.0
Türkiye,2015,0.821,2016.0
Kuwait,2015,0.832,2016.0
Antigua and Barbuda,2015,0.839,2016.0
Seychelles,2015,0.819,2016.0
Bulgaria,2015,0.824,2016.0
Romania,2015,0.823,2016.0
Georgia,2015,0.807,2016.0
Saint Kitts and Nevis,2015,0.83,2016.0
Panama,2015,0.803,2016.0
Brunei Darussalam,2015,0.839,2016.0
Kazakhstan,2015,0.819,2016.0
Costa Rica,2015,0.803,2016.0
Serbia,2015,0.802,2016.0
Russian Federation,2015,0.833,2016.0
Belarus,2015,0.825,2016.0
Bahamas,2015,0.807,2016.0
Malaysia,2015,0.8,2016.0
North Macedonia,2015,0.795,2016.0
Armenia,2015,0.777,2016.0
Barbados,2015,0.8,2016.0
Albania,2015,0.797,2016.0
Trinidad and Tobago,2015,0.808,2016.0
Mauritius,2015,0.792,2016.0
Bosnia and Herzegovina,2015,0.769,2016.0
High human development,2015,,2016.0
Iran (Islamic Republic of),2015,0.788,2016.0
Saint Vincent and the Grenadines,2015,0.765,2016.0
Thailand,2015,0.788,2016.0
China,2015,0.75,2016.0
Peru,2015,0.768,2016.0
Grenada,2015,0.782,2016.0
Azerbaijan,2015,0.771,2016.0
Mexico,2015,0.773,2016.0
Colombia,2015,0.767,2016.0
Brazil,2015,0.764,2016.0
Palau,2015,0.802,2016.0
Moldova (Republic of),2015,0.759,2016.0
Ukraine,2015,0.778,2016.0
Ecuador,2015,0.764,2016.0
Dominican Republic,2015,0.747,2016.0
Guyana,2015,0.683,2016.0
Sri Lanka,2015,0.769,2016.0
Tonga,2015,0.743,2016.0
Maldives,2015,0.725,2016.0
Viet Nam,2015,0.717,2016.0
Turkmenistan,2015,0.725,2016.0
Algeria,2015,0.737,2016.0
Cuba,2015,0.769,2016.0
Dominica,2015,0.741,2016.0
Paraguay,2015,0.737,2016.0
Egypt,2015,0.706,2016.0
Jordan,2015,0.743,2016.0
Lebanon,2015,0.763,2016.0
Saint Lucia,2015,0.757,2016.0
Mongolia,2015,0.753,2016.0
Tunisia,2015,0.728,2016.0
South Africa,2015,0.722,2016.0
Uzbekistan,2015,0.707,2016.0
Bolivia (Plurinational State of),2015,0.704,2016.0
Gabon,2015,0.72,2016.0
Marshall Islands,2015,0.691,2016.0
Botswana,2015,0.69,2016.0
Fiji,2015,0.715,2016.0
Indonesia,2015,0.701,2016.0
Suriname,2015,0.718,2016.0
Belize,2015,0.721,2016.0
Libya,2015,0.728,2016.0
Jamaica,2015,0.713,2016.0
Kyrgyzstan,2015,0.695,2016.0
Philippines,2015,0.69,2016.0
Morocco,2015,0.659,2016.0
Venezuela (Bolivarian Republic of),2015,0.768,2016.0
Samoa,2015,0.708,2016.0
Nicaragua,2015,0.679,2016.0
Nauru,2015,0.66,2016.0
Medium human development,2015,,2016.0
Bhutan,2015,0.637,2016.0
Eswatini (Kingdom of),2015,0.607,2016.0
Iraq,2015,0.675,2016.0
Tajikistan,2015,0.658,2016.0
Tuvalu,2015,0.658,2016.0
Bangladesh,2015,0.621,2016.0
India,2015,0.633,2016.0
El Salvador,2015,0.667,2016.0
Equatorial Guinea,2015,0.656,2016.0
"Palestine, State of",2015,0.712,2016.0
Cabo Verde,2015,0.658,2016.0
Namibia,2015,0.63,2016.0
Guatemala,2015,0.638,2016.0
Congo,2015,0.643,2016.0
Honduras,2015,0.61,2016.0
Kiribati,2015,0.623,2016.0
Sao Tome and Principe,2015,0.608,2016.0
Timor-Leste,2015,0.628,2016.0
Ghana,2015,0.588,2016.0
Kenya,2015,0.583,2016.0
Nepal,2015,0.575,2016.0
Vanuatu,2015,0.599,2016.0
Lao People's Democratic Republic,2015,0.604,2016.0
Angola,2015,0.603,2016.0
Micronesia (Federated States of),2015,0.604,2016.0
Myanmar,2015,0.566,2016.0
Cambodia,2015,0.562,2016.0
Comoros,2015,0.565,2016.0
Zimbabwe,2015,0.567,2016.0
Zambia,2015,0.565,2016.0
Cameroon,2015,0.575,2016.0
Solomon Islands,2015,0.576,2016.0
Côte d'Ivoire,2015,0.519,2016.0
Uganda,2015,0.547,2016.0
Rwanda,2015,0.525,2016.0
Papua New Guinea,2015,0.543,2016.0
Togo,2015,0.523,2016.0
Syrian Arab Republic,2015,0.549,2016.0
Mauritania,2015,0.551,2016.0
Nigeria,2015,0.53,2016.0
Tanzania (United Republic of),2015,0.52,2016.0
Haiti,2015,0.552,2016.0
Lesotho,2015,0.517,2016.0
Low human development,2015,,2016.0
Pakistan,2015,0.527,2016.0
Senegal,2015,0.509,2016.0
Gambia,2015,0.482,2016.0
Congo (Democratic Republic of the),2015,0.477,2016.0
Malawi,2015,0.504,2016.0
Benin,2015,0.511,2016.0
Guinea-Bissau,2015,0.481,2016.0
Djibouti,2015,0.469,2016.0
Sudan,2015,0.498,2016.0
Liberia,2015,0.48,2016.0
Eritrea,2015,0.48,2016.0
Guinea,2015,0.465,2016.0
Ethiopia,2015,0.456,2016.0
Afghanistan,2015,0.496,2016.0
Mozambique,2015,0.457,2016.0
Madagascar,2015,0.501,2016.0
Yemen,2015,0.475,2016.0
Sierra Leone,2015,0.432,2016.0
Burkina Faso,2015,0.419,2016.0
Burundi,2015,0.432,2016.0
Mali,2015,0.413,2016.0
Niger,2015,0.374,2016.0
Chad,2015,0.396,2016.0
Central African Republic,2015,0.377,2016.0
Somalia,2015,..,2016.0
South Sudan,2015,0.317,2016.0
Other countries or territories,2015,,2016.0
Korea (Democratic People's Rep. of),2015,..,2016.0
Monaco,2015,..,2016.0
,2015,,2016.0
Human development groups,2015,,2016.0
Very high human development,2015,0.898,2016.0
High human development,2015,0.744,2016.0
Medium human development,2015,0.611,2016.0
Low human development,2015,0.491,2016.0
,2015,,2016.0
Developing countries,2015,0.68,2016.0
,2015,,2016.0
Regions,2015,,2016.0
Arab States,2015,0.693,2016.0
East Asia and the Pacific,2015,0.735,2016.0
Europe and Central Asia,2015,0.789,2016.0
Latin America and the Caribbean,2015,0.767,2016.0
South Asia,2015,0.627,2016.0
Sub-Saharan Africa,2015,0.54,2016.0
,2015,,2016.0
Least developed countries,2015,0.526,2016.0
Small island developing states,2015,0.727,2016.0
,2015,,2016.0
Organisation for Economic Co-operation and Development,2015,0.899,2016.0
,2015,,2016.0
World,2015,0.731,2016.0
,2015,,2016.0
Notes,2015,,2016.0
"For HDI values that are comparable across years and countries, use this table or the interpolated data at http://hdr.undp.org/en/data, which present trends using consistent data.",2015,,2016.0
a. A positive value indicates an improvement in rank.,2015,,2016.0
b. Value reported with relaxed aggregation rule. For more details see Reader's guide.,2015,,2016.0
,2015,,2016.0
Definitions,2015,,2016.0
"Human Development Index (HDI): A composite index measuring average achievement in three basic dimensions of human development—a long and healthy life, knowledge and a decent standard of living. See Technical note 1 at https://hdr.undp.org/sites/default/files/2025_HDR/hdr2025_technical_notes.pdf  for details on how the HDI is calculated.",2015,,2016.0
"Average annual HDI growth: A smoothed annualized growth of the HDI in a given period, calculated as the annual compound growth rate.",2015,,2016.0
,2015,,2016.0
Main data sources,2015,,2016.0
"Columns 1-8: HDRO calculations based on data from Barro and Lee (2018), IMF (2024), UNDESA (2024a), UNESCO Institute for Statistics (2024), United Nations Statistics Division (2025) and World Bank (2024a).",2015,,2016.0
Column 9: Calculated based on data in columns 4 and 8.,2015,,2016.0
"Columns 10-13: Calculated based on data in columns 1, 2, 3 and 8.",2015,,2016.0
Very high human development,2020,,2020.0
Iceland,2020,0.965,2020.0
Norway,2020,0.969,2020.0
Switzerland,2020,0.963,2020.0
Denmark,2020,0.954,2020.0
Germany,2020,0.955,2020.0
Sweden,2020,0.951,2020.0
Australia,2020,0.95,2020.0
"Hong Kong, China (SAR)",2020,0.95,2020.0
Netherlands,2020,0.945,2020.0
Belgium,2020,0.939,2020.0
Ireland,2020,0.948,2020.0
Finland,2020,0.947,2020.0
Singapore,2020,0.944,2020.0
United Kingdom,2020,0.93,2020.0
United Arab Emirates,2020,0.909,2020.0
Canada,2020,0.931,2020.0
Liechtenstein,2020,0.929,2020.0
New Zealand,2020,0.94,2020.0
United States,2020,0.925,2020.0
Korea (Republic of),2020,0.928,2020.0
Slovenia,2020,0.918,2020.0
Austria,2020,0.925,2020.0
Japan,2020,0.922,2020.0
Malta,2020,0.903,2020.0
Luxembourg,2020,0.916,2020.0
France,2020,0.909,2020.0
Israel,2020,0.912,2020.0
Spain,2020,0.901,2020.0
Czechia,2020,0.898,2020.0
Italy,2020,0.899,2020.0
San Marino,2020,0.895,2020.0
Andorra,2020,0.851,2020.0
Cyprus,2020,0.905,2020.0
Greece,2020,0.896,2020.0
Poland,2020,0.88,2020.0
Estonia,2020,0.901,2020.0
Saudi Arabia,2020,0.875,2020.0
Bahrain,2020,0.885,2020.0
Lithuania,2020,0.888,2020.0
Portugal,2020,0.87,2020.0
Croatia,2020,0.867,2020.0
Latvia,2020,0.879,2020.0
Qatar,2020,0.872,2020.0
Slovakia,2020,0.867,2020.0
Chile,2020,0.856,2020.0
Hungary,2020,0.857,2020.0
Argentina,2020,0.851,2020.0
Montenegro,2020,0.841,2020.0
Uruguay,2020,0.837,2020.0
Oman,2020,0.843,2020.0
Türkiye,2020,0.838,2020.0
Kuwait,2020,0.837,2020.0
Antigua and Barbuda,2020,0.84,2020.0
Seychelles,2020,0.853,2020.0
Bulgaria,2020,0.826,2020.0
Romania,2020,0.832,2020.0
Georgia,2020,0.822,2020.0
Saint Kitts and Nevis,2020,0.828,2020.0
Panama,2020,0.808,2020.0
Brunei Darussalam,2020,0.836,2020.0
Kazakhstan,2020,0.826,2020.0
Costa Rica,2020,0.819,2020.0
Serbia,2020,0.809,2020.0
Russian Federation,2020,0.818,2020.0
Belarus,2020,0.815,2020.0
Bahamas,2020,0.797,2020.0
Malaysia,2020,0.81,2020.0
North Macedonia,2020,0.783,2020.0
Armenia,2020,0.761,2020.0
Barbados,2020,0.803,2020.0
Albania,2020,0.794,2020.0
Trinidad and Tobago,2020,0.8,2020.0
Mauritius,2020,0.795,2020.0
Bosnia and Herzegovina,2020,0.783,2020.0
High human development,2020,,2020.0
Iran (Islamic Republic of),2020,0.775,2020.0
Saint Vincent and the Grenadines,2020,0.781,2020.0
Thailand,2020,0.798,2020.0
China,2020,0.786,2020.0
Peru,2020,0.769,2020.0
Grenada,2020,0.782,2020.0
Azerbaijan,2020,0.757,2020.0
Mexico,2020,0.763,2020.0
Colombia,2020,0.764,2020.0
Brazil,2020,0.77,2020.0
Palau,2020,0.799,2020.0
Moldova (Republic of),2020,0.77,2020.0
Ukraine,2020,0.783,2020.0
Ecuador,2020,0.74,2020.0
Dominican Republic,2020,0.767,2020.0
Guyana,2020,0.722,2020.0
Sri Lanka,2020,0.78,2020.0
Tonga,2020,0.765,2020.0
Maldives,2020,0.73,2020.0
Viet Nam,2020,0.755,2020.0
Turkmenistan,2020,0.744,2020.0
Algeria,2020,0.742,2020.0
Cuba,2020,0.762,2020.0
Dominica,2020,0.753,2020.0
Paraguay,2020,0.742,2020.0
Egypt,2020,0.736,2020.0
Jordan,2020,0.743,2020.0
Lebanon,2020,0.75,2020.0
Saint Lucia,2020,0.734,2020.0
Mongolia,2020,0.741,2020.0
Tunisia,2020,0.733,2020.0
South Africa,2020,0.724,2020.0
Uzbekistan,2020,0.723,2020.0
Bolivia (Plurinational State of),2020,0.697,2020.0
Gabon,2020,0.732,2020.0
Marshall Islands,2020,0.722,2020.0
Botswana,2020,0.718,2020.0
Fiji,2020,0.718,2020.0
Indonesia,2020,0.71,2020.0
Suriname,2020,0.714,2020.0
Belize,2020,0.713,2020.0
Libya,2020,0.688,2020.0
Jamaica,2020,0.711,2020.0
Kyrgyzstan,2020,0.7,2020.0
Philippines,2020,0.699,2020.0
Morocco,2020,0.683,2020.0
Venezuela (Bolivarian Republic of),2020,0.699,2020.0
Samoa,2020,0.708,2020.0
Nicaragua,2020,0.676,2020.0
Nauru,2020,0.684,2020.0
Medium human development,2020,,2020.0
Bhutan,2020,0.688,2020.0
Eswatini (Kingdom of),2020,0.657,2020.0
Iraq,2020,0.68,2020.0
Tajikistan,2020,0.664,2020.0
Tuvalu,2020,0.681,2020.0
Bangladesh,2020,0.663,2020.0
India,2020,0.652,2020.0
El Salvador,2020,0.66,2020.0
Equatorial Guinea,2020,0.668,2020.0
"Palestine, State of",2020,0.718,2020.0
Cabo Verde,2020,0.647,2020.0
Namibia,2020,0.647,2020.0
Guatemala,2020,0.645,2020.0
Congo,2020,0.643,2020.0
Honduras,2020,0.625,2020.0
Kiribati,2020,0.632,2020.0
Sao Tome and Principe,2020,0.628,2020.0
Timor-Leste,2020,0.65,2020.0
Ghana,2020,0.614,2020.0
Kenya,2020,0.6,2020.0
Nepal,2020,0.599,2020.0
Vanuatu,2020,0.617,2020.0
Lao People's Democratic Republic,2020,0.616,2020.0
Angola,2020,0.61,2020.0
Micronesia (Federated States of),2020,0.609,2020.0
Myanmar,2020,0.609,2020.0
Cambodia,2020,0.595,2020.0
Comoros,2020,0.592,2020.0
Zimbabwe,2020,0.582,2020.0
Zambia,2020,0.578,2020.0
Cameroon,2020,0.579,2020.0
Solomon Islands,2020,0.579,2020.0
Côte d'Ivoire,2020,0.553,2020.0
Uganda,2020,0.571,2020.0
Rwanda,2020,0.555,2020.0
Papua New Guinea,2020,0.567,2020.0
Togo,2020,0.554,2020.0
Syrian Arab Republic,2020,0.57,2020.0
Mauritania,2020,0.554,2020.0
Nigeria,2020,0.547,2020.0
Tanzania (United Republic of),2020,0.554,2020.0
Haiti,2020,0.555,2020.0
Lesotho,2020,0.537,2020.0
Low human development,2020,,2020.0
Pakistan,2020,0.536,2020.0
Senegal,2020,0.522,2020.0
Gambia,2020,0.512,2020.0
Congo (Democratic Republic of the),2020,0.506,2020.0
Malawi,2020,0.512,2020.0
Benin,2020,0.504,2020.0
Guinea-Bissau,2020,0.498,2020.0
Djibouti,2020,0.499,2020.0
Sudan,2020,0.513,2020.0
Liberia,2020,0.498,2020.0
Eritrea,2020,0.495,2020.0
Guinea,2020,0.488,2020.0
Ethiopia,2020,0.486,2020.0
Afghanistan,2020,0.501,2020.0
Mozambique,2020,0.477,2020.0
Madagascar,2020,0.483,2020.0
Yemen,2020,0.459,2020.0
Sierra Leone,2020,0.454,2020.0
Burkina Faso,2020,0.453,2020.0
Burundi,2020,0.435,2020.0
Mali,2020,0.414,2020.0
Niger,2020,0.404,2020.0
Chad,2020,0.408,2020.0
Central African Republic,2020,0.386,2020.0
Somalia,2020,..,2020.0
South Sudan,2020,0.398,2020.0
Other countries or territories,2020,,2020.0
Korea (Democratic People's Rep. of),2020,..,2020.0
Monaco,2020,..,2020.0
,2020,,2020.0
Human development groups,2020,,2020.0
Very high human development,2020,0.901,2020.0
High human development,2020,0.763,2020.0
Medium human development,2020,0.631,2020.0
Low human development,2020,0.507,2020.0
,2020,,2020.0
Developing countries,2020,0.696,2020.0
,2020,,2020.0
Regions,2020,,2020.0
Arab States,2020,0.707,2020.0
East Asia and the Pacific,2020,0.764,2020.0
Europe and Central Asia,2020,0.802,2020.0
Latin America and the Caribbean,2020,0.764,2020.0
South Asia,2020,0.645,2020.0
Sub-Saharan Africa,2020,0.557,2020.0
,2020,,2020.0
Least developed countries,2020,0.55,2020.0
Small island developing states,2020,0.731,2020.0
,2020,,2020.0
Organisation for Economic Co-operation and Development,2020,0.903,2020.0
,2020,,2020.0
World,2020,0.742,2020.0
,2020,,2020.0
Notes,2020,,2020.0
"For HDI values that are comparable across years and countries, use this table or the interpolated data at http://hdr.undp.org/en/data, which present trends using consistent data.",2020,,2020.0
a. A positive value indicates an improvement in rank.,2020,,2020.0
b. Value reported with relaxed aggregation rule. For more details see Reader's guide.,2020,,2020.0
,2020,,2020.0
Definitions,2020,,2020.0
"Human Development Index (HDI): A composite index measuring average achievement in three basic dimensions of human development—a long and healthy life, knowledge and a decent standard of living. See Technical note 1 at https://hdr.undp.org/sites/default/files/2025_HDR/hdr2025_technical_notes.pdf  for details on how the HDI is calculated.",2020,,2020.0
"Average annual HDI growth: A smoothed annualized growth of the HDI in a given period, calculated as the annual compound growth rate.",2020,,2020.0
,2020,,2020.0
Main data sources,2020,,2020.0
"Columns 1-8: HDRO calculations based on data from Barro and Lee (2018), IMF (2024), UNDESA (2024a), UNESCO Institute for Statistics (2024), United Nations Statistics Division (2025) and World Bank (2024a).",2020,,2020.0
Column 9: Calculated based on data in columns 4 and 8.,2020,,2020.0
"Columns 10-13: Calculated based on data in columns 1, 2, 3 and 8.",2020,,2020.0
Very high human development,2021,,
Iceland,2021,0.967,
Norway,2021,0.969,
Switzerland,2021,0.968,
Denmark,2021,0.958,
Germany,2021,0.958,
Sweden,2021,0.958,
Australia,2021,0.954,
"Hong Kong, China (SAR)",2021,0.961,
Netherlands,2021,0.951,
Belgium,2021,0.948,
Ireland,2021,0.946,
Finland,2021,0.949,
Singapore,2021,0.948,
United Kingdom,2021,0.941,
United Arab Emirates,2021,0.903,
Canada,2021,0.937,
Liechtenstein,2021,0.933,
New Zealand,2021,0.939,
United States,2021,0.921,
Korea (Republic of),2021,0.933,
Slovenia,2021,0.924,
Austria,2021,0.93,
Japan,2021,0.922,
Malta,2021,0.914,
Luxembourg,2021,0.918,
France,2021,0.915,
Israel,2021,0.918,
Spain,2021,0.912,
Czechia,2021,0.901,
Italy,2021,0.908,
San Marino,2021,0.903,
Andorra,2021,0.871,
Cyprus,2021,0.907,
Greece,2021,0.897,
Poland,2021,0.884,
Estonia,2021,0.899,
Saudi Arabia,2021,0.878,
Bahrain,2021,0.885,
Lithuania,2021,0.887,
Portugal,2021,0.876,
Croatia,2021,0.876,
Latvia,2021,0.871,
Qatar,2021,0.866,
Slovakia,2021,0.859,
Chile,2021,0.865,
Hungary,2021,0.852,
Argentina,2021,0.847,
Montenegro,2021,0.84,
Uruguay,2021,0.837,
Oman,2021,0.834,
Türkiye,2021,0.841,
Kuwait,2021,0.839,
Antigua and Barbuda,2021,0.843,
Seychelles,2021,0.838,
Bulgaria,2021,0.817,
Romania,2021,0.829,
Georgia,2021,0.819,
Saint Kitts and Nevis,2021,0.818,
Panama,2021,0.819,
Brunei Darussalam,2021,0.835,
Kazakhstan,2021,0.816,
Costa Rica,2021,0.817,
Serbia,2021,0.807,
Russian Federation,2021,0.813,
Belarus,2021,0.817,
Bahamas,2021,0.794,
Malaysia,2021,0.802,
North Macedonia,2021,0.781,
Armenia,2021,0.786,
Barbados,2021,0.803,
Albania,2021,0.794,
Trinidad and Tobago,2021,0.796,
Mauritius,2021,0.789,
Bosnia and Herzegovina,2021,0.783,
High human development,2021,,
Iran (Islamic Republic of),2021,0.777,
Saint Vincent and the Grenadines,2021,0.781,
Thailand,2021,0.8,
China,2021,0.794,
Peru,2021,0.764,
Grenada,2021,0.782,
Azerbaijan,2021,0.765,
Mexico,2021,0.761,
Colombia,2021,0.762,
Brazil,2021,0.768,
Palau,2021,0.789,
Moldova (Republic of),2021,0.773,
Ukraine,2021,0.772,
Ecuador,2021,0.753,
Dominican Republic,2021,0.762,
Guyana,2021,0.713,
Sri Lanka,2021,0.777,
Tonga,2021,0.763,
Maldives,2021,0.745,
Viet Nam,2021,0.754,
Turkmenistan,2021,0.754,
Algeria,2021,0.755,
Cuba,2021,0.745,
Dominica,2021,0.749,
Paraguay,2021,0.723,
Egypt,2021,0.738,
Jordan,2021,0.736,
Lebanon,2021,0.733,
Saint Lucia,2021,0.724,
Mongolia,2021,0.727,
Tunisia,2021,0.728,
South Africa,2021,0.721,
Uzbekistan,2021,0.727,
Bolivia (Plurinational State of),2021,0.693,
Gabon,2021,0.72,
Marshall Islands,2021,0.723,
Botswana,2021,0.7,
Fiji,2021,0.705,
Indonesia,2021,0.707,
Suriname,2021,0.697,
Belize,2021,0.713,
Libya,2021,0.729,
Jamaica,2021,0.703,
Kyrgyzstan,2021,0.704,
Philippines,2021,0.69,
Morocco,2021,0.69,
Venezuela (Bolivarian Republic of),2021,0.696,
Samoa,2021,0.706,
Nicaragua,2021,0.682,
Nauru,2021,0.692,
Medium human development,2021,,
Bhutan,2021,0.691,
Eswatini (Kingdom of),2021,0.658,
Iraq,2021,0.687,
Tajikistan,2021,0.672,
Tuvalu,2021,0.681,
Bangladesh,2021,0.663,
India,2021,0.647,
El Salvador,2021,0.663,
Equatorial Guinea,2021,0.671,
"Palestine, State of",2021,0.718,
Cabo Verde,2021,0.651,
Namibia,2021,0.631,
Guatemala,2021,0.639,
Congo,2021,0.643,
Honduras,2021,0.628,
Kiribati,2021,0.631,
Sao Tome and Principe,2021,0.631,
Timor-Leste,2021,0.644,
Ghana,2021,0.618,
Kenya,2021,0.608,
Nepal,2021,0.596,
Vanuatu,2021,0.615,
Lao People's Democratic Republic,2021,0.613,
Angola,2021,0.609,
Micronesia (Federated States of),2021,0.611,
Myanmar,2021,0.605,
Cambodia,2021,0.594,
Comoros,2021,0.594,
Zimbabwe,2021,0.581,
Zambia,2021,0.574,
Cameroon,2021,0.574,
Solomon Islands,2021,0.577,
Côte d'Ivoire,2021,0.557,
Uganda,2021,0.573,
Rwanda,2021,0.562,
Papua New Guinea,2021,0.567,
Togo,2021,0.56,
Syrian Arab Republic,2021,0.571,
Mauritania,2021,0.553,
Nigeria,2021,0.554,
Tanzania (United Republic of),2021,0.548,
Haiti,2021,0.548,
Lesotho,2021,0.532,
Low human development,2021,,
Pakistan,2021,0.537,
Senegal,2021,0.522,
Gambia,2021,0.513,
Congo (Democratic Republic of the),2021,0.508,
Malawi,2021,0.509,
Benin,2021,0.506,
Guinea-Bissau,2021,0.502,
Djibouti,2021,0.501,
Sudan,2021,0.512,
Liberia,2021,0.503,
Eritrea,2021,0.496,
Guinea,2021,0.49,
Ethiopia,2021,0.487,
Afghanistan,2021,0.486,
Mozambique,2021,0.478,
Madagascar,2021,0.481,
Yemen,2021,0.458,
Sierra Leone,2021,0.458,
Burkina Faso,2021,0.454,
Burundi,2021,0.435,
Mali,2021,0.414,
Niger,2021,0.413,
Chad,2021,0.408,
Central African Republic,2021,0.339,
Somalia,2021,..,
South Sudan,2021,0.393,
Other countries or territories,2021,,
Korea (Democratic People's Rep. of),2021,..,
Monaco,2021,..,
,2021,,
Human development groups,2021,,
Very high human development,2021,0.903,
High human development,2021,0.766,
Medium human development,2021,0.629,
Low human development,2021,0.507,
,2021,,
Developing countries,2021,0.696,
,2021,,
Regions,2021,,
Arab States,2021,0.71,
East Asia and the Pacific,2021,0.768,
Europe and Central Asia,2021,0.803,
Latin America and the Caribbean,2021,0.762,
South Asia,2021,0.641,
Sub-Saharan Africa,2021,0.558,
,2021,,
Least developed countries,2021,0.549,
Small island developing states,2021,0.727,
,2021,,
Organisation for Economic Co-operation and Development,2021,0.904,
,2021,,
World,2021,0.742,
,2021,,
Notes,2021,,
"For HDI values that are comparable across years and countries, use this table or the interpolated data at http://hdr.undp.org/en/data, which present trends using consistent data.",2021,,
a. A positive value indicates an improvement in rank.,2021,,
b. Value reported with relaxed aggregation rule. For more details see Reader's guide.,2021,,
,2021,,
Definitions,2021,,
"Human Development Index (HDI): A composite index measuring average achievement in three basic dimensions of human development—a long and healthy life, knowledge and a decent standard of living. See Technical note 1 at https://hdr.undp.org/sites/default/files/2025_HDR/hdr2025_technical_notes.pdf  for details on how the HDI is calculated.",2021,,
"Average annual HDI growth: A smoothed annualized growth of the HDI in a given period, calculated as the annual compound growth rate.",2021,,
,2021,,
Main data sources,2021,,
"Columns 1-8: HDRO calculations based on data from Barro and Lee (2018), IMF (2024), UNDESA (2024a), UNESCO Institute for Statistics (2024), United Nations Statistics Division (2025) and World Bank (2024a).",2021,,
Column 9: Calculated based on data in columns 4 and 8.,2021,,
"Columns 10-13: Calculated based on data in columns 1, 2, 3 and 8.",2021,,
Very high human development,2022,,
Iceland,2022,0.964,
Norway,2022,0.967,
Switzerland,2022,0.966,
Denmark,2022,0.959,
Germany,2022,0.955,
Sweden,2022,0.959,
Australia,2022,0.952,
"Hong Kong, China (SAR)",2022,0.95,
Netherlands,2022,0.953,
Belgium,2022,0.945,
Ireland,2022,0.947,
Finland,2022,0.946,
Singapore,2022,0.942,
United Kingdom,2022,0.946,
United Arab Emirates,2022,0.921,
Canada,2022,0.935,
Liechtenstein,2022,0.936,
New Zealand,2022,0.933,
United States,2022,0.93,
Korea (Republic of),2022,0.928,
Slovenia,2022,0.926,
Austria,2022,0.927,
Japan,2022,0.921,
Malta,2022,0.917,
Luxembourg,2022,0.922,
France,2022,0.916,
Israel,2022,0.921,
Spain,2022,0.911,
Czechia,2022,0.911,
Italy,2022,0.905,
San Marino,2022,0.91,
Andorra,2022,0.893,
Cyprus,2022,0.908,
Greece,2022,0.897,
Poland,2022,0.902,
Estonia,2022,0.902,
Saudi Arabia,2022,0.893,
Bahrain,2022,0.902,
Lithuania,2022,0.888,
Portugal,2022,0.883,
Croatia,2022,0.886,
Latvia,2022,0.881,
Qatar,2022,0.883,
Slovakia,2022,0.873,
Chile,2022,0.869,
Hungary,2022,0.867,
Argentina,2022,0.858,
Montenegro,2022,0.853,
Uruguay,2022,0.852,
Oman,2022,0.846,
Türkiye,2022,0.853,
Kuwait,2022,0.845,
Antigua and Barbuda,2022,0.848,
Seychelles,2022,0.836,
Bulgaria,2022,0.835,
Romania,2022,0.84,
Georgia,2022,0.838,
Saint Kitts and Nevis,2022,0.829,
Panama,2022,0.835,
Brunei Darussalam,2022,0.825,
Kazakhstan,2022,0.831,
Costa Rica,2022,0.823,
Serbia,2022,0.826,
Russian Federation,2022,0.826,
Belarus,2022,0.824,
Bahamas,2022,0.818,
Malaysia,2022,0.81,
North Macedonia,2022,0.811,
Armenia,2022,0.801,
Barbados,2022,0.807,
Albania,2022,0.806,
Trinidad and Tobago,2022,0.805,
Mauritius,2022,0.794,
Bosnia and Herzegovina,2022,0.799,
High human development,2022,,
Iran (Islamic Republic of),2022,0.793,
Saint Vincent and the Grenadines,2022,0.794,
Thailand,2022,0.792,
China,2022,0.796,
Peru,2022,0.79,
Grenada,2022,0.789,
Azerbaijan,2022,0.784,
Mexico,2022,0.783,
Colombia,2022,0.782,
Brazil,2022,0.78,
Palau,2022,0.786,
Moldova (Republic of),2022,0.784,
Ukraine,2022,0.772,
Ecuador,2022,0.773,
Dominican Republic,2022,0.778,
Guyana,2022,0.763,
Sri Lanka,2022,0.777,
Tonga,2022,0.764,
Maldives,2022,0.764,
Viet Nam,2022,0.764,
Turkmenistan,2022,0.761,
Algeria,2022,0.761,
Cuba,2022,0.764,
Dominica,2022,0.759,
Paraguay,2022,0.747,
Egypt,2022,0.751,
Jordan,2022,0.751,
Lebanon,2022,0.755,
Saint Lucia,2022,0.747,
Mongolia,2022,0.742,
Tunisia,2022,0.745,
South Africa,2022,0.737,
Uzbekistan,2022,0.737,
Bolivia (Plurinational State of),2022,0.727,
Gabon,2022,0.73,
Marshall Islands,2022,0.732,
Botswana,2022,0.729,
Fiji,2022,0.726,
Indonesia,2022,0.726,
Suriname,2022,0.719,
Belize,2022,0.717,
Libya,2022,0.741,
Jamaica,2022,0.718,
Kyrgyzstan,2022,0.717,
Philippines,2022,0.714,
Morocco,2022,0.704,
Venezuela (Bolivarian Republic of),2022,0.706,
Samoa,2022,0.703,
Nicaragua,2022,0.701,
Nauru,2022,0.7,
Medium human development,2022,,
Bhutan,2022,0.695,
Eswatini (Kingdom of),2022,0.695,
Iraq,2022,0.695,
Tajikistan,2022,0.687,
Tuvalu,2022,0.686,
Bangladesh,2022,0.68,
India,2022,0.676,
El Salvador,2022,0.674,
Equatorial Guinea,2022,0.677,
"Palestine, State of",2022,0.733,
Cabo Verde,2022,0.664,
Namibia,2022,0.649,
Guatemala,2022,0.655,
Congo,2022,0.644,
Honduras,2022,0.643,
Kiribati,2022,0.642,
Sao Tome and Principe,2022,0.636,
Timor-Leste,2022,0.633,
Ghana,2022,0.625,
Kenya,2022,0.626,
Nepal,2022,0.605,
Vanuatu,2022,0.621,
Lao People's Democratic Republic,2022,0.614,
Angola,2022,0.615,
Micronesia (Federated States of),2022,0.614,
Myanmar,2022,0.606,
Cambodia,2022,0.602,
Comoros,2022,0.602,
Zimbabwe,2022,0.594,
Zambia,2022,0.589,
Cameroon,2022,0.581,
Solomon Islands,2022,0.583,
Côte d'Ivoire,2022,0.565,
Uganda,2022,0.578,
Rwanda,2022,0.57,
Papua New Guinea,2022,0.572,
Togo,2022,0.567,
Syrian Arab Republic,2022,0.571,
Mauritania,2022,0.562,
Nigeria,2022,0.557,
Tanzania (United Republic of),2022,0.554,
Haiti,2022,0.552,
Lesotho,2022,0.547,
Low human development,2022,,
Pakistan,2022,0.544,
Senegal,2022,0.526,
Gambia,2022,0.519,
Congo (Democratic Republic of the),2022,0.514,
Malawi,2022,0.513,
Benin,2022,0.512,
Guinea-Bissau,2022,0.511,
Djibouti,2022,0.51,
Sudan,2022,0.516,
Liberia,2022,0.508,
Eritrea,2022,0.499,
Guinea,2022,0.498,
Ethiopia,2022,0.494,
Afghanistan,2022,0.495,
Mozambique,2022,0.49,
Madagascar,2022,0.483,
Yemen,2022,0.466,
Sierra Leone,2022,0.463,
Burkina Faso,2022,0.457,
Burundi,2022,0.437,
Mali,2022,0.417,
Niger,2022,0.414,
Chad,2022,0.414,
Central African Republic,2022,..,
Somalia,2022,0.385,
South Sudan,2022,0.388,
Other countries or territories,2022,,
Korea (Democratic People's Rep. of),2022,..,
Monaco,2022,..,
,2022,,
Human development groups,2022,,
Very high human development,2022,0.908,
High human development,2022,0.774,
Medium human development,2022,0.649,
Low human development,2022,0.512,
,2022,,
Developing countries,2022,0.708,
,2022,,
Regions,2022,,
Arab States,2022,0.716,
East Asia and the Pacific,2022,0.773,
Europe and Central Asia,2022,0.815,
Latin America and the Caribbean,2022,0.778,
South Asia,2022,0.665,
Sub-Saharan Africa,2022,0.565,
,2022,,
Least developed countries,2022,0.555,
Small island developing states,2022,0.737,
,2022,,
Organisation for Economic Co-operation and Development,2022,0.91,
,2022,,
World,2022,0.752,
,2022,,
Notes,2022,,
"For HDI values that are comparable across years and countries, use this table or the interpolated data at http://hdr.undp.org/en/data, which present trends using consistent data.",2022,,
a. A positive value indicates an improvement in rank.,2022,,
b. Value reported with relaxed aggregation rule. For more details see Reader's guide.,2022,,
,2022,,
Definitions,2022,,
"Human Development Index (HDI): A composite index measuring average achievement in three basic dimensions of human development—a long and healthy life, knowledge and a decent standard of living. See Technical note 1 at https://hdr.undp.org/sites/default/files/2025_HDR/hdr2025_technical_notes.pdf  for details on how the HDI is calculated.",2022,,
"Average annual HDI growth: A smoothed annualized growth of the HDI in a given period, calculated as the annual compound growth rate.",2022,,
,2022,,
Main data sources,2022,,
"Columns 1-8: HDRO calculations based on data from Barro and Lee (2018), IMF (2024), UNDESA (2024a), UNESCO Institute for Statistics (2024), United Nations Statistics Division (2025) and World Bank (2024a).",2022,,
Column 9: Calculated based on data in columns 4 and 8.,2022,,
"Columns 10-13: Calculated based on data in columns 1, 2, 3 and 8.",2022,,
Very high human development,2023,,2024.0
Iceland,2023,0.972,2024.0
Norway,2023,0.97,2024.0
Switzerland,2023,0.97,2024.0
Denmark,2023,0.962,2024.0
Germany,2023,0.959,2024.0
Sweden,2023,0.959,2024.0
Australia,2023,0.958,2024.0
"Hong Kong, China (SAR)",2023,0.955,2024.0
Netherlands,2023,0.955,2024.0
Belgium,2023,0.951,2024.0
Ireland,2023,0.949,2024.0
Finland,2023,0.948,2024.0
Singapore,2023,0.946,2024.0
United Kingdom,2023,0.946,2024.0
United Arab Emirates,2023,0.94,2024.0
Canada,2023,0.939,2024.0
Liechtenstein,2023,0.938,2024.0
New Zealand,2023,0.938,2024.0
United States,2023,0.938,2024.0
Korea (Republic of),2023,0.937,2024.0
Slovenia,2023,0.931,2024.0
Austria,2023,0.93,2024.0
Japan,2023,0.925,2024.0
Malta,2023,0.924,2024.0
Luxembourg,2023,0.922,2024.0
France,2023,0.92,2024.0
Israel,2023,0.919,2024.0
Spain,2023,0.918,2024.0
Czechia,2023,0.915,2024.0
Italy,2023,0.915,2024.0
San Marino,2023,0.915,2024.0
Andorra,2023,0.913,2024.0
Cyprus,2023,0.913,2024.0
Greece,2023,0.908,2024.0
Poland,2023,0.906,2024.0
Estonia,2023,0.905,2024.0
Saudi Arabia,2023,0.9,2024.0
Bahrain,2023,0.899,2024.0
Lithuania,2023,0.895,2024.0
Portugal,2023,0.89,2024.0
Croatia,2023,0.889,2024.0
Latvia,2023,0.889,2024.0
Qatar,2023,0.886,2024.0
Slovakia,2023,0.88,2024.0
Chile,2023,0.878,2024.0
Hungary,2023,0.87,2024.0
Argentina,2023,0.865,2024.0
Montenegro,2023,0.862,2024.0
Uruguay,2023,0.862,2024.0
Oman,2023,0.858,2024.0
Türkiye,2023,0.853,2024.0
Kuwait,2023,0.852,2024.0
Antigua and Barbuda,2023,0.851,2024.0
Seychelles,2023,0.848,2024.0
Bulgaria,2023,0.845,2024.0
Romania,2023,0.845,2024.0
Georgia,2023,0.844,2024.0
Saint Kitts and Nevis,2023,0.84,2024.0
Panama,2023,0.839,2024.0
Brunei Darussalam,2023,0.837,2024.0
Kazakhstan,2023,0.837,2024.0
Costa Rica,2023,0.833,2024.0
Serbia,2023,0.833,2024.0
Russian Federation,2023,0.832,2024.0
Belarus,2023,0.824,2024.0
Bahamas,2023,0.82,2024.0
Malaysia,2023,0.819,2024.0
North Macedonia,2023,0.815,2024.0
Armenia,2023,0.811,2024.0
Barbados,2023,0.811,2024.0
Albania,2023,0.81,2024.0
Trinidad and Tobago,2023,0.807,2024.0
Mauritius,2023,0.806,2024.0
Bosnia and Herzegovina,2023,0.804,2024.0
High human development,2023,,2024.0
Iran (Islamic Republic of),2023,0.799,2024.0
Saint Vincent and the Grenadines,2023,0.798,2024.0
Thailand,2023,0.798,2024.0
China,2023,0.797,2024.0
Peru,2023,0.794,2024.0
Grenada,2023,0.791,2024.0
Azerbaijan,2023,0.789,2024.0
Mexico,2023,0.789,2024.0
Colombia,2023,0.788,2024.0
Brazil,2023,0.786,2024.0
Palau,2023,0.786,2024.0
Moldova (Republic of),2023,0.785,2024.0
Ukraine,2023,0.779,2024.0
Ecuador,2023,0.777,2024.0
Dominican Republic,2023,0.776,2024.0
Guyana,2023,0.776,2024.0
Sri Lanka,2023,0.776,2024.0
Tonga,2023,0.769,2024.0
Maldives,2023,0.766,2024.0
Viet Nam,2023,0.766,2024.0
Turkmenistan,2023,0.764,2024.0
Algeria,2023,0.763,2024.0
Cuba,2023,0.762,2024.0
Dominica,2023,0.761,2024.0
Paraguay,2023,0.756,2024.0
Egypt,2023,0.754,2024.0
Jordan,2023,0.754,2024.0
Lebanon,2023,0.752,2024.0
Saint Lucia,2023,0.748,2024.0
Mongolia,2023,0.747,2024.0
Tunisia,2023,0.746,2024.0
South Africa,2023,0.741,2024.0
Uzbekistan,2023,0.74,2024.0
Bolivia (Plurinational State of),2023,0.733,2024.0
Gabon,2023,0.733,2024.0
Marshall Islands,2023,0.733,2024.0
Botswana,2023,0.731,2024.0
Fiji,2023,0.731,2024.0
Indonesia,2023,0.728,2024.0
Suriname,2023,0.722,2024.0
Belize,2023,0.721,2024.0
Libya,2023,0.721,2024.0
Jamaica,2023,0.72,2024.0
Kyrgyzstan,2023,0.72,2024.0
Philippines,2023,0.72,2024.0
Morocco,2023,0.71,2024.0
Venezuela (Bolivarian Republic of),2023,0.709,2024.0
Samoa,2023,0.708,2024.0
Nicaragua,2023,0.706,2024.0
Nauru,2023,0.703,2024.0
Medium human development,2023,,2024.0
Bhutan,2023,0.698,2024.0
Eswatini (Kingdom of),2023,0.695,2024.0
Iraq,2023,0.695,2024.0
Tajikistan,2023,0.691,2024.0
Tuvalu,2023,0.689,2024.0
Bangladesh,2023,0.685,2024.0
India,2023,0.685,2024.0
El Salvador,2023,0.678,2024.0
Equatorial Guinea,2023,0.674,2024.0
"Palestine, State of",2023,0.674,2024.0
Cabo Verde,2023,0.668,2024.0
Namibia,2023,0.665,2024.0
Guatemala,2023,0.662,2024.0
Congo,2023,0.649,2024.0
Honduras,2023,0.645,2024.0
Kiribati,2023,0.644,2024.0
Sao Tome and Principe,2023,0.637,2024.0
Timor-Leste,2023,0.634,2024.0
Ghana,2023,0.628,2024.0
Kenya,2023,0.628,2024.0
Nepal,2023,0.622,2024.0
Vanuatu,2023,0.621,2024.0
Lao People's Democratic Republic,2023,0.617,2024.0
Angola,2023,0.616,2024.0
Micronesia (Federated States of),2023,0.615,2024.0
Myanmar,2023,0.609,2024.0
Cambodia,2023,0.606,2024.0
Comoros,2023,0.603,2024.0
Zimbabwe,2023,0.598,2024.0
Zambia,2023,0.595,2024.0
Cameroon,2023,0.588,2024.0
Solomon Islands,2023,0.584,2024.0
Côte d'Ivoire,2023,0.582,2024.0
Uganda,2023,0.582,2024.0
Rwanda,2023,0.578,2024.0
Papua New Guinea,2023,0.576,2024.0
Togo,2023,0.571,2024.0
Syrian Arab Republic,2023,0.564,2024.0
Mauritania,2023,0.563,2024.0
Nigeria,2023,0.56,2024.0
Tanzania (United Republic of),2023,0.555,2024.0
Haiti,2023,0.554,2024.0
Lesotho,2023,0.55,2024.0
Low human development,2023,,2024.0
Pakistan,2023,0.544,2024.0
Senegal,2023,0.53,2024.0
Gambia,2023,0.524,2024.0
Congo (Democratic Republic of the),2023,0.522,2024.0
Malawi,2023,0.517,2024.0
Benin,2023,0.515,2024.0
Guinea-Bissau,2023,0.514,2024.0
Djibouti,2023,0.513,2024.0
Sudan,2023,0.511,2024.0
Liberia,2023,0.51,2024.0
Eritrea,2023,0.503,2024.0
Guinea,2023,0.5,2024.0
Ethiopia,2023,0.497,2024.0
Afghanistan,2023,0.496,2024.0
Mozambique,2023,0.493,2024.0
Madagascar,2023,0.487,2024.0
Yemen,2023,0.47,2024.0
Sierra Leone,2023,0.467,2024.0
Burkina Faso,2023,0.459,2024.0
Burundi,2023,0.439,2024.0
Mali,2023,0.419,2024.0
Niger,2023,0.419,2024.0
Chad,2023,0.416,2024.0
Central African Republic,2023,0.414,2024.0
Somalia,2023,0.404,2024.0
South Sudan,2023,0.388,2024.0
Other countries or territories,2023,,2024.0
Korea (Democratic People's Rep. of),2023,..,2024.0
Monaco,2023,..,2024.0
,2023,,2024.0
Human development groups,2023,,2024.0
Very high human development,2023,0.914,2024.0
High human development,2023,0.777,2024.0
Medium human development,2023,0.656,2024.0
Low human development,2023,0.515,2024.0
,2023,,2024.0
Developing countries,2023,0.712,2024.0
,2023,,2024.0
Regions,2023,,2024.0
Arab States,2023,0.719,2024.0
East Asia and the Pacific,2023,0.775,2024.0
Europe and Central Asia,2023,0.818,2024.0
Latin America and the Caribbean,2023,0.783,2024.0
South Asia,2023,0.672,2024.0
Sub-Saharan Africa,2023,0.568,2024.0
,2023,,2024.0
Least developed countries,2023,0.56,2024.0
Small island developing states,2023,0.739,2024.0
,2023,,2024.0
Organisation for Economic Co-operation and Development,2023,0.916,2024.0
,2023,,2024.0
World,2023,0.756,2024.0
,2023,,2024.0
Notes,2023,,2024.0
"For HDI values that are comparable across years and countries, use this table or the interpolated data at http://hdr.undp.org/en/data, which present trends using consistent data.",2023,,2024.0
a. A positive value indicates an improvement in rank.,2023,,2024.0
b. Value reported with relaxed aggregation rule. For more details see Reader's guide.,2023,,2024.0
,2023,,2024.0
Definitions,2023,,2024.0
"Human Development Index (HDI): A composite index measuring average achievement in three basic dimensions of human development—a long and healthy life, knowledge and a decent standard of living. See Technical note 1 at https://hdr.undp.org/sites/default/files/2025_HDR/hdr2025_technical_notes.pdf  for details on how the HDI is calculated.",2023,,2024.0
"Average annual HDI growth: A smoothed annualized growth of the HDI in a given period, calculated as the annual compound growth rate.",2023,,2024.0
,2023,,2024.0
Main data sources,2023,,2024.0
"Columns 1-8: HDRO calculations based on data from Barro and Lee (2018), IMF (2024), UNDESA (2024a), UNESCO Institute for Statistics (2024), United Nations Statistics Division (2025) and World Bank (2024a).",2023,,2024.0
Column 9: Calculated based on data in columns 4 and 8.,2023,,2024.0
"Columns 10-13: Calculated based on data in columns 1, 2, 3 and 8.",2023,,2024.0
