Year,Team,Score
1896,Australia,10
1896,Australia/Great Britain,1
1896,Austria,14
1896,Denmark,12
1896,Ethnikos Gymnastikos Syllogos,1
1896,France,35
1896,Germany,42
1896,Great Britain,18
1896,Great Britain/Germany,5
1896,Greece,98
1896,Greece-1,2
1896,Hungary,15
1896,Switzerland,9
1896,United States,69
1900,A North American Team,1
1900,Amateur Athletic Association,5
1900,Aschenbrodel,7
1900,Australia,13
1900,Austria,9
1900,"BLO Polo Club, Rugby",2
1900,Baby-1,6
1900,"Bagatelle Polo Club, Paris",1
1900,Belgium,39
1900,Belgium-1,5
1900,Bohemia,3
1900,Bohemia/Great Britain,1
1900,Bona Fide,5
1900,Brussels Swimming and Water Polo Club,2
1900,Brynhild-2,2
1900,Canada,6
1900,Carabinier-15,5
1900,Cercle de l'Aviron Roubaix-4,5
1900,Cicely-1,5
1900,Club Nautique de Lyon-2,2
1900,Crabe II-1,2
1900,Crabe II-4,1
1900,Cuba,7
1900,Denmark,13
1900,Denmark/Sweden,5
1900,Deutscher Schwimm Verband Berlin,5
1900,Devon and Somerset Wanderers,5
1900,Esterel-1,5
1900,Fantlet-7,5
1900,Favorite Hammonia-3,1
1900,Favorite-1,2
1900,Femur-1,5
1900,Formosa,1
1900,Foxhunters Hurlingham,5
1900,France,173
1900,France-1,4
1900,France/Great Britain,2
1900,Frankfurt Club,2
1900,Frimousse,1
1900,"Germania Ruder Club, Hamburg-2",5
1900,Germany,7
1900,Gitana-2,3
1900,Great Britain,58
1900,Great Britain-1,5
1900,Great Britain-2,1
1900,Gwendoline-2,1
1900,Hungary,11
1900,India,4
1900,Italy,19
1900,Laurea-1,1
1900,Lerina,7
1900,Libellule de Paris,1
1900,Ludwigshafener Ruder Verein-1,1
1900,Luxembourg,5
1900,Martha-1,3
1900,Mascotte,2
1900,Mignon-3,1
1900,Minerva Amsterdam,8
1900,Moseley Wanderers,2
1900,Netherlands,2
1900,Nina Claire-2,1
1900,Norway,7
1900,Olle,5
1900,"Osborne Swimming Club, Manchester",5
1900,Pupilles de Neptune de Lille #2-1,1
1900,Pupilles de Neptune de Lille-1,1
1900,Quand-Mme-2,4
1900,Racing Club de France,4
1900,Rowing Club Castillon-3,1
1900,Royal Club Nautique de Gand,2
1900,Sarcelle-3,1
1900,Scamasaxe-2,1
1900,Scamasaxe-3,2
1900,Scotia,10
1900,Societ Nautique de la Marne-1,2
1900,Spain,5
1900,Sweden,1
1900,Switzerland,28
1900,Tritons Lillois-2,2
1900,Turquoise-1,1
1900,USFSA,2
1900,Union des Socits Franais de Sports Athletiques,7
1900,United States,131
1900,United States/France,2
1900,United States/Great Britain,1
1900,Univ. of Brussels,1
1900,Upton Park FC,5
1900,Vesper Boat Club,5
1904,Atalanta Boat Club-1,5
1904,Atalanta Boat Club-2,2
1904,Australia,7
1904,Austria,8
1904,Boston Archers,1
1904,Canada,10
1904,"Central Turnverein, Chicago",1
1904,Century Boat Club-1,5
1904,Chicago Athletic Association,2
1904,Chicago Athletic Association-2,4
1904,Christian Brothers' College-1,2
1904,Cincinnati Archers,7
1904,Cuba,20
1904,France,2
1904,Galt Football Club,5
1904,Germany,36
1904,Great Britain,7
1904,Greece,6
1904,Hungary,13
1904,Independent Rowing Club-3,1
1904,Milwaukee Athletic Club-1,5
1904,Missouri Athletic Club-3,2
1904,Mohawk Indians-2,1
1904,Mound City Rowing Club-2,2
1904,New York Athletic Club,5
1904,New York Athletic Club #1-1,5
1904,New York Athletic Club-1,5
1904,"New York Turnverein, New York",2
1904,Norway,10
1904,"Philadelphia Turngemeinde, Philadelphia",5
1904,Potomac Archers,5
1904,Ravenswood Boat Club-2,2
1904,Seawanhaka Boat Club-1,5
1904,St. Louis Amateur Athletic Association,2
1904,St. Louis Southwest Turnverein #1-2,2
1904,St. Louis Southwest Turnverein #2-3,1
1904,St. Rose-2,1
1904,Switzerland,7
1904,Toronto Argonauts,2
1904,Trans-Mississippi Golf Association-2,2
1904,United States,511
1904,United States Golf Association-3,1
1904,United States-1,5
1904,United States-2,2
1904,United States-3,1
1904,United States-4,1
1904,Vesper Boat Club,5
1904,Western Golf Association-1,5
1904,Western Rowing Club-3,2
1904,Winnipeg Shamrocks-1,5
1906,Australia,3
1906,Austria,24
1906,Barion/Bari-2,2
1906,Belgium,15
1906,Bohemia,2
1906,Bucintoro Venezia,10
1906,Bucintoro Venezia-1,5
1906,Canada,7
1906,Denmark,20
1906,Finland,13
1906,France,104
1906,Germany,36
1906,Great Britain,67
1906,Greece,61
1906,Greece-1,4
1906,Greece-2,1
1906,Hungary,23
1906,Italy,26
1906,"Large boat, Central Naval Prep School ""Poros""-1",5
1906,"Life boat naval ship ""Spetsai""-1",2
1906,"Marinai della nave da guerra ""Varese""",6
1906,Netherlands,4
1906,Norway,7
1906,Omas Helliniki P. S.,2
1906,"Phalainis ton Thorichtou ""Hydra""-2",3
1906,Pistoja/Firenze,1
1906,Royal Club Nautique de Gand,2
1906,Smyrna,2
1906,Socit Nautique de Bayonne-1,1
1906,Socit Nautique de Bayonne-2,1
1906,Socit Nautique de la Basse Seine-1,3
1906,Sweden,27
1906,Switzerland,27
1906,Thessalonki-1,1
1906,United States,76
1908,Amstel Amsterdam,1
1908,Argonaut Rowing Club,2
1908,Australasia,11
1908,Austria,1
1908,Belgium,13
1908,Berliner Ruderclub,1
1908,Bohemia,2
1908,Cambridge University Boat Club-2,1
1908,Camille,5
1908,Canada,28
1908,Cobweb-1,5
1908,Cornwall,2
1908,Denmark,7
1908,Dormy-1,5
1908,England-1,5
1908,Finland,10
1908,France,38
1908,Germany,29
1908,Great Britain,307
1908,Great Britain-1,22
1908,Great Britain-2,8
1908,Great Britain-3,2
1908,Greece,7
1908,Guyoni,1
1908,Gyrinus-1,10
1908,Hera-1,5
1908,Heroine,5
1908,Hungary,25
1908,Hurlingham-2,2
1908,Ireland-2,2
1908,Ireland-3,2
1908,Italy,14
1908,K Division Metropolitan Police Team-3,1
1908,Leander Club #1-1,5
1908,Leander Club #2-2,2
1908,Leander Club-1,5
1908,Leander Club-2,2
1908,Liverpool Police Team-2,2
1908,London City Police-1,5
1908,Magdalen College Boat Club-1,5
1908,Mouchette-2,2
1908,Netherlands,1
1908,Norway,19
1908,Roehampton-1,5
1908,Royal Club Nautique de Gand,2
1908,Russia,9
1908,Scotland-3,1
1908,Sorais-2,1
1908,South Africa,7
1908,Sweden,61
1908,Toronto Argonauts,1
1908,United States,146
1908,Vinga-1,2
1908,Wales-4,1
1908,Zut,2
1912,Australasia,17
1912,Austria,6
1912,Belgium,15
1912,Berliner Ruderverein von 1876-2,1
1912,Canada,22
1912,Denmark,14
1912,England,2
1912,England-1,2
1912,Erna Signe,2
1912,Finland,66
1912,France,43
1912,Gallia II,1
1912,Germany,57
1912,Great Britain,75
1912,Great Britain-1,2
1912,Great Britain-2,6
1912,Greece,6
1912,Heatherbell,1
1912,Hungary,22
1912,Italy,29
1912,Kerstin-1,1
1912,Kitty-1,5
1912,Kristiania Roklub-1,1
1912,Leander Club-1,5
1912,Lucky Girl-1,1
1912,Ludwigshafener Ruderverein,5
1912,Mac Miche,5
1912,Magda IX,5
1912,Netherlands,3
1912,"New College, Oxford-2",2
1912,Nina,2
1912,Norway,15
1912,Nurdug II,2
1912,Nykjbings paa Falster,5
1912,Ormsund Roklub-2,1
1912,Polyteknisk Roklub-1,1
1912,Roddklubben af 1912-1,2
1912,Russia,6
1912,Sans Atout-1,2
1912,South Africa,24
1912,Sweden,168
1912,Sweden-1,2
1912,Sweden-2,2
1912,Sweden-3,1
1912,Switzerland,5
1912,Taifun,5
1912,Thames Rowing Club,2
1912,United States,185
1920,Ancora,5
1920,Antwerpia V,1
1920,Atlanta,5
1920,Australia,5
1920,Beatrijs III-1,5
1920,Belgium,110
1920,Boreas-2,2
1920,Brazil,8
1920,Canada,24
1920,Czechoslovakia,2
1920,Denmark,34
1920,Edelweiss II-1,5
1920,Eleda,5
1920,Elsie,2
1920,Estonia,9
1920,Finland,104
1920,Fornebo,2
1920,France,90
1920,France-3,6
1920,Great Britain,102
1920,Great Britain-1,1
1920,Great Britain-2,5
1920,Great Britain-3,2
1920,Greece,2
1920,Heira II,5
1920,Irene,5
1920,Italy,87
1920,Japan,4
1920,Jo,5
1920,Kullan,5
1920,Luxembourg,2
1920,Lyn-2,2
1920,Marmi II-1,2
1920,Mosk II,5
1920,Netherlands,17
1920,New Zealand,1
1920,Norway,52
1920,Oranje,5
1920,Rose Pompon,2
1920,Sif,5
1920,Sildra-1,5
1920,South Africa,26
1920,Spain,4
1920,Stella-2,1
1920,Sweden,148
1920,Switzerland,21
1920,Tan-Fe-Pah,2
1920,United States,286
1924,Argentina,13
1924,Australia,19
1924,Austria,7
1924,Belgium,32
1924,Bera,5
1924,Bonzo,2
1924,Canada,7
1924,Czechoslovakia,18
1924,Denmark,23
1924,Elisabeth V,5
1924,Emily,2
1924,Estonia,11
1924,Finland,106
1924,France,106
1924,France-1,2
1924,France-2,1
1924,Great Britain,80
1924,Great Britain-1,1
1924,Great Britain-2,2
1924,Greece,5
1924,Haiti,1
1924,Hungary,22
1924,Ireland,3
1924,Italy,51
1924,Japan,1
1924,Luxembourg,7
1924,Monaco,1
1924,Namoussa,1
1924,Netherlands,27
1924,New Zealand,1
1924,Norway,22
1924,Poland,3
1924,Portugal,1
1924,Romania,1
1924,South Africa,8
1924,Sweden,58
1924,Switzerland,61
1924,United States,289
1924,United States-1,10
1924,United States-2,7
1924,Uruguay,5
1924,Willem-Six,1
1924,Yugoslavia,10
1928,Argentina,22
1928,Australia,10
1928,Austria,16
1928,Belgium,4
1928,Canada,35
1928,Chile,2
1928,Czechoslovakia,22
1928,Denmark,21
1928,Egypt,13
1928,Estonia,13
1928,Finland,65
1928,France,60
1928,Germany,92
1928,Great Britain,49
1928,Haiti,2
1928,Hi-Hi,2
1928,Hollandia,2
1928,Hungary,35
1928,India,5
1928,Ireland,5
1928,Italy,54
1928,Japan,15
1928,L'Aile VI,5
1928,Luxembourg,5
1928,Netherlands,63
1928,New Zealand,5
1928,Norna,5
1928,Norway,5
1928,Philippines,1
1928,Poland,16
1928,Portugal,1
1928,South Africa,7
1928,Spain,5
1928,Sweden,58
1928,Switzerland,51
1928,Sylvia,1
1928,Tutti V,1
1928,United States,162
1928,Uruguay,5
1928,Yugoslavia,10
1932,Angelita,5
1932,Argentina,17
1932,Australia,18
1932,Austria,10
1932,Belgium,1
1932,Bissbi,5
1932,Canada,26
1932,Caprice,1
1932,Czechoslovakia,13
1932,Denmark,13
1932,Finland,53
1932,France,69
1932,Gallant,2
1932,Germany,56
1932,Great Britain,42
1932,Hungary,45
1932,India,5
1932,Ireland,10
1932,Italy,96
1932,Japan,53
1932,Joy,2
1932,Jupiter,5
1932,Latvia,2
1932,Mexico,4
1932,Netherlands,21
1932,New Zealand,2
1932,Philippines,3
1932,Poland,23
1932,Santa Maria,2
1932,South Africa,13
1932,Spain,1
1932,Sweden,63
1932,Swedish Star,1
1932,Switzerland,2
1932,United States,310
1932,Uruguay,1
1936,Argentina,17
1936,Australia,1
1936,Austria,44
1936,Belgium,3
1936,Bem II,1
1936,Canada,16
1936,Czechoslovakia,26
1936,Denmark,7
1936,Egypt,14
1936,Estonia,17
1936,Finland,58
1936,France,53
1936,Germania II,1
1936,Germany,276
1936,Great Britain,31
1936,Hungary,57
1936,India,5
1936,Italia,5
1936,Italy,71
1936,Japan,48
1936,Lalage,5
1936,Latvia,3
1936,Lully II,2
1936,May Be,1
1936,Mexico,3
1936,Netherlands,39
1936,New Zealand,5
1936,Norway,9
1936,Nrnberg,5
1936,Philippines,1
1936,Poland,13
1936,Portugal,1
1936,Potsdam,1
1936,Romania,2
1936,Rostock,2
1936,Silja,2
1936,South Africa,2
1936,Sunshine,2
1936,Sweden,47
1936,Switzerland,43
1936,Turkey,6
1936,United States,174
1936,Wannsee,5
1936,Yugoslavia,2
1948,Ali-Baba II,1
1948,Argentina,20
1948,Australia,27
1948,Austria,18
1948,Belgium,17
1948,Brazil,1
1948,Canada,6
1948,Czechoslovakia,37
1948,Denmark,49
1948,Djinn,2
1948,Egypt,15
1948,Finland,62
1948,France,82
1948,Great Britain,54
1948,Hilarius,5
1948,Hungary,72
1948,India,5
1948,Iran,1
1948,Ireland,1
1948,Italy,79
1948,Jamaica,9
1948,Kurush II,2
1948,Llanoria,5
1948,Margaret,1
1948,Mexico,14
1948,Netherlands,37
1948,Norway,9
1948,Pan,5
1948,Panama,2
1948,Peru,5
1948,Poland,6
1948,Portugal,1
1948,Puerto Rico,1
1948,Slaghoken,2
1948,Snap,1
1948,South Africa,16
1948,South Korea,2
1948,Spain,2
1948,Sri Lanka,2
1948,Starita,1
1948,Sweden,122
1948,Swift,5
1948,Switzerland,54
1948,Symphony,2
1948,Trinidad and Tobago,2
1948,Turkey,40
1948,United States,252
1948,Uruguay,3
1948,Yugoslavia,4
1952,Argentina,11
1952,Australia,37
1952,Austria,3
1952,Belgium,14
1952,Brazil,7
1952,Bulgaria,1
1952,Canada,9
1952,Chile,4
1952,Comanche,2
1952,Complex II,5
1952,Czechoslovakia,44
1952,Denmark,15
1952,Egypt,1
1952,Elisabeth X,2
1952,Encore,2
1952,Espadarte,1
1952,Finland,48
1952,France,48
1952,Germany,30
1952,Great Britain,17
1952,Gustel X,1
1952,Hojwa,1
1952,Hungary,116
1952,India,6
1952,Iran,10
1952,Ireland,2
1952,Italy,57
1952,Jamaica,16
1952,Japan,18
1952,Lebanon,3
1952,Llanoria,5
1952,Luxembourg,5
1952,Merope,5
1952,Mexico,2
1952,Netherlands,10
1952,New Zealand,7
1952,Norway,10
1952,Pan,5
1952,Poland,10
1952,Ralia,1
1952,Romania,9
1952,South Africa,22
1952,South Korea,2
1952,Soviet Union,187
1952,Spain,2
1952,Sweden,93
1952,Switzerland,28
1952,Tornado,2
1952,Trinidad and Tobago,2
1952,Turkey,11
1952,United States,243
1952,Uruguay,2
1952,Venezuela,1
1952,Yugoslavia,9
1956,Argentina,3
1956,Australia,92
1956,Austria,2
1956,Belgium,4
1956,Bluebottle,1
1956,Brazil,5
1956,Bulgaria,12
1956,Buraddoo,1
1956,Canada,15
1956,Chile,6
1956,Chuckles,1
1956,Czechoslovakia,14
1956,Denmark,8
1956,Falcon IV,2
1956,Finland,28
1956,France,34
1956,Gem IV,1
1956,Germany,63
1956,Great Britain,51
1956,Greece,1
1956,Hungary,72
1956,Iceland,2
1956,India,5
1956,Iran,15
1956,Ireland,10
1956,Italy,63
1956,Japan,43
1956,Jest,5
1956,Kathleen,5
1956,Merope III,2
1956,Mexico,6
1956,New Zealand,5
1956,Norway,7
1956,Pakistan,2
1956,Poland,17
1956,Romania,36
1956,Rush V,5
1956,Slaghoken II,5
1956,South Africa,4
1956,South Korea,3
1956,Soviet Union,275
1956,Sweden,46
1956,Switzerland,1
1956,Tip,2
1956,Turkey,21
1956,United States,222
1956,Uruguay,1
1956,Vision,2
1956,Yugoslavia,6
1960,Argentina,1
1960,Australia,62
1960,Austria,7
1960,Ballerina IV,1
1960,Belgium,6
1960,Brazil,2
1960,Bulgaria,14
1960,Canada,2
1960,Chinese Taipei,2
1960,Czechoslovakia,22
1960,Denmark,13
1960,Ethiopia,5
1960,Finland,10
1960,France,7
1960,Germany,108
1960,Ghana,2
1960,Great Britain,34
1960,Hungary,53
1960,India,2
1960,Iran,5
1960,Iraq,1
1960,Italy,97
1960,Japan,41
1960,Ma'Lindo,2
1960,Macky VI,1
1960,Mexico,1
1960,Minotaur,5
1960,Morocco,2
1960,Netherlands,4
1960,New Zealand,11
1960,Nirefs,5
1960,Pakistan,6
1960,Poland,43
1960,Romania,23
1960,Shrew II,1
1960,Singapore,2
1960,Sirene,5
1960,Skum,2
1960,South Africa,4
1960,Soviet Union,299
1960,Spain,1
1960,Sweden,12
1960,Switzerland,8
1960,Tango,2
1960,Tornado,5
1960,Turkey,39
1960,United Arab Republic,3
1960,United States,222
1960,Venezuela,1
1960,Venilia,1
1960,Web II,2
1960,West Indies Federation,2
1960,Yugoslavia,7
1964,Aphrodite,1
1964,Argentina,2
1964,Australia,39
1964,Barrenjoey,5
1964,Belgium,11
1964,Bingo,1
1964,Brazil,1
1964,Bulgaria,27
1964,Canada,10
1964,Cuba,2
1964,Czechoslovakia,40
1964,Denmark,10
1964,Ethiopia,5
1964,Finland,17
1964,France,27
1964,Gem,5
1964,Germany,110
1964,Ghana,1
1964,Glider,2
1964,Great Britain,44
1964,Humbug V,1
1964,Hungary,69
1964,India,5
1964,Iran,2
1964,Ireland,1
1964,Italy,77
1964,Japan,98
1964,Kenya,1
1964,Lady C,2
1964,Mexico,1
1964,Mutafo,2
1964,Netherlands,22
1964,New Zealand,12
1964,Nigeria,1
1964,Pakistan,2
1964,Pandora,5
1964,Philippines,2
1964,Poland,57
1964,Romania,24
1964,Rush VII,2
1964,South Korea,5
1964,Soviet Union,243
1964,Sweden,15
1964,Switzerland,10
1964,Trinidad and Tobago,4
1964,Tunisia,3
1964,Turkey,17
1964,United States,255
1964,Uruguay,1
1964,White Lady,5
1964,Widgeon,1
1964,Yugoslavia,14
1968,Argentina,2
1968,Australia,44
1968,Austria,6
1968,Belgium,3
1968,Brazil,4
1968,Bulgaria,21
1968,Cameroon,2
1968,Canada,12
1968,Chinese Taipei,1
1968,Cuba,8
1968,Czechoslovakia,43
1968,Denmark,16
1968,East Germany,70
1968,Ethiopia,7
1968,Finland,10
1968,France,46
1968,Great Britain,38
1968,Greece,1
1968,Hungary,82
1968,India,1
1968,Iran,14
1968,Italy,32
1968,Jamaica,2
1968,Japan,76
1968,Kenya,25
1968,Mexico,24
1968,Mongolia,5
1968,Netherlands,22
1968,New Zealand,7
1968,Norway,7
1968,Pakistan,5
1968,Poland,40
1968,Romania,37
1968,South Korea,3
1968,Soviet Union,239
1968,Sweden,13
1968,Switzerland,6
1968,Tunisia,6
1968,Turkey,10
1968,Uganda,3
1968,United States,315
1968,Venezuela,5
1968,West Germany,57
1968,Yugoslavia,23
1972,Argentina,2
1972,Australia,56
1972,Austria,4
1972,Belgium,4
1972,Brazil,2
1972,Bulgaria,55
1972,Canada,7
1972,Colombia,4
1972,Cuba,21
1972,Czechoslovakia,20
1972,Denmark,5
1972,East Germany,164
1972,East Germany-1,5
1972,Ethiopia,2
1972,Finland,21
1972,France,25
1972,Ghana,1
1972,Great Britain,39
1972,Greece,4
1972,Hungary,72
1972,India,1
1972,Iran,5
1972,Italy,41
1972,Jamaica,1
1972,Japan,89
1972,Kenya,20
1972,Lebanon,2
1972,Mexico,2
1972,Mongolia,2
1972,Netherlands,18
1972,New Zealand,8
1972,Niger,1
1972,Nigeria,1
1972,North Korea,10
1972,Norway,13
1972,Pakistan,2
1972,Poland,54
1972,Romania,34
1972,South Korea,2
1972,Soviet Union,326
1972,Spain,1
1972,Sweden,38
1972,Switzerland,6
1972,Tunisia,2
1972,Turkey,2
1972,Uganda,7
1972,United States,257
1972,West Germany,101
1972,West Germany-1,2
1972,Yugoslavia,14
1976,Australia,6
1976,Austria,1
1976,Belgium,9
1976,Bermuda,1
1976,Brazil,2
1976,Bulgaria,55
1976,Canada,16
1976,Cuba,41
1976,Czechoslovakia,18
1976,Denmark,7
1976,East Germany,275
1976,Finland,24
1976,France,20
1976,Great Britain,30
1976,Hungary,43
1976,Iran,3
1976,Italy,28
1976,Jamaica,7
1976,Japan,67
1976,Mexico,6
1976,Mongolia,2
1976,Netherlands,7
1976,New Zealand,13
1976,North Korea,7
1976,Norway,7
1976,Pakistan,1
1976,Poland,60
1976,Portugal,4
1976,Puerto Rico,1
1976,Romania,52
1976,South Korea,11
1976,Soviet Union,362
1976,Spain,4
1976,Sweden,22
1976,Switzerland,9
1976,Thailand,1
1976,Trinidad and Tobago,5
1976,United States,265
1976,Venezuela,2
1976,West Germany,91
1976,Yugoslavia,19
1980,Australia,19
1980,Austria,10
1980,Belgium,5
1980,Brazil,12
1980,Bulgaria,89
1980,Cuba,59
1980,Czechoslovakia,25
1980,Denmark,14
1980,East Germany,351
1980,Ethiopia,12
1980,Finland,21
1980,France,43
1980,Great Britain,48
1980,Greece,7
1980,Guyana,1
1980,Hungary,70
1980,India,5
1980,Ireland,3
1980,Italy,50
1980,Jamaica,3
1980,Lebanon,1
1980,Mexico,5
1980,Mongolia,6
1980,Netherlands,4
1980,North Korea,8
1980,Poland,58
1980,Romania,55
1980,Soviet Union,584
1980,Spain,13
1980,Sweden,27
1980,Switzerland,10
1980,Tanzania,4
1980,Uganda,2
1980,Venezuela,2
1980,Yugoslavia,20
1980,Zimbabwe,5
1984,Algeria,2
1984,Australia,48
1984,Austria,8
1984,Belgium,9
1984,Brazil,17
1984,Cameroon,1
1984,Canada,102
1984,China,100
1984,Chinese Taipei,1
1984,Colombia,2
1984,Cote d'Ivoire,2
1984,Denmark,9
1984,Dominican Republic,1
1984,Egypt,2
1984,Finland,30
1984,France,55
1984,Great Britain,68
1984,Greece,3
1984,Iceland,1
1984,Ireland,2
1984,Italy,94
1984,Jamaica,4
1984,Japan,78
1984,Kenya,7
1984,Mexico,17
1984,Morocco,10
1984,Netherlands,35
1984,New Zealand,44
1984,Nigeria,3
1984,Norway,4
1984,Pakistan,5
1984,Peru,2
1984,Portugal,7
1984,Puerto Rico,3
1984,Romania,144
1984,South Korea,49
1984,Spain,11
1984,Sweden,38
1984,Switzerland,12
1984,Syria,2
1984,Thailand,2
1984,Turkey,3
1984,United States,562
1984,Venezuela,3
1984,West Germany,146
1984,Yugoslavia,50
1984,Zambia,1
1988,Argentina,3
1988,Australia,32
1988,Austria,5
1988,Belgium,2
1988,Brazil,12
1988,Bulgaria,87
1988,Canada,24
1988,Chile,2
1988,China,54
1988,China-1,5
1988,Colombia,1
1988,Costa Rica,2
1988,Czechoslovakia,23
1988,Denmark,13
1988,Djibouti,1
1988,East Germany,285
1988,Finland,9
1988,France,44
1988,Great Britain,54
1988,Greece,1
1988,Hungary,73
1988,Indonesia,2
1988,Iran,2
1988,Italy,42
1988,Jamaica,4
1988,Japan,33
1988,Kenya,31
1988,Mexico,2
1988,Mongolia,1
1988,Morocco,7
1988,Netherlands,19
1988,Netherlands Antilles,2
1988,New Zealand,27
1988,Norway,16
1988,Pakistan,1
1988,Peru,2
1988,Philippines,1
1988,Poland,29
1988,Portugal,5
1988,Romania,63
1988,Senegal,2
1988,South Korea,90
1988,South Korea-2,1
1988,Soviet Union,378
1988,Spain,9
1988,Suriname,5
1988,Sweden,15
1988,Switzerland,6
1988,Thailand,1
1988,Turkey,7
1988,United States,269
1988,United States Virgin Islands,2
1988,West Germany,98
1988,Yugoslavia,28
1992,Algeria,6
1992,Argentina,1
1992,Australia,64
1992,Austria,4
1992,Bahamas,1
1992,Belgium,4
1992,Brazil,12
1992,Bulgaria,35
1992,Canada,50
1992,China,123
1992,China-1,9
1992,China-2,7
1992,Chinese Taipei,2
1992,Colombia,1
1992,Croatia,4
1992,Cuba,93
1992,Czechoslovakia,23
1992,Czechoslovakia-1,2
1992,Denmark,11
1992,Estonia,6
1992,Ethiopia,7
1992,Finland,11
1992,France,65
1992,France-1,1
1992,Germany,235
1992,Ghana,1
1992,Great Britain,43
1992,Greece,10
1992,Hungary,86
1992,Individual Olympic Athletes,4
1992,Indonesia,13
1992,Indonesia-1,2
1992,Iran,4
1992,Ireland,7
1992,Israel,3
1992,Italy,48
1992,Jamaica,7
1992,Japan,42
1992,Kenya,20
1992,Latvia,5
1992,Lithuania,6
1992,Malaysia-2,1
1992,Mexico,2
1992,Mongolia,2
1992,Morocco,8
1992,Namibia,4
1992,Netherlands,29
1992,New Zealand,18
1992,Nigeria,7
1992,North Korea,24
1992,North Korea-1,1
1992,Norway,19
1992,Pakistan,1
1992,Peru,2
1992,Philippines,1
1992,Poland,37
1992,Puerto Rico,1
1992,Qatar,1
1992,Romania,40
1992,Slovenia,2
1992,South Africa,4
1992,South Korea,68
1992,South Korea-1,8
1992,South Korea-2,6
1992,Spain,81
1992,Suriname,1
1992,Sweden,23
1992,Switzerland,5
1992,Thailand,1
1992,Turkey,16
1992,Unified Team,330
1992,United States,285
1992,United States-1,5
1996,Algeria,11
1996,Argentina,5
1996,Armenia,7
1996,Australia,85
1996,Australia-1,1
1996,Austria,4
1996,Azerbaijan,2
1996,Bahamas,2
1996,Belarus,25
1996,Belgium,16
1996,Brazil,23
1996,Brazil-1,5
1996,Brazil-2,2
1996,Bulgaria,34
1996,Burundi,5
1996,Canada,44
1996,Canada-1,1
1996,China,116
1996,China-1,7
1996,China-2,13
1996,Chinese Taipei,2
1996,Costa Rica,5
1996,Croatia,7
1996,Cuba,69
1996,Czech Republic,28
1996,Czech Republic-1,2
1996,Denmark,23
1996,Ecuador,5
1996,Ethiopia,11
1996,Finland,10
1996,France,99
1996,France-1,5
1996,Georgia,2
1996,Germany,162
1996,Germany-1,1
1996,Great Britain,27
1996,Greece,28
1996,Hong Kong,5
1996,Hungary,53
1996,India,1
1996,Indonesia,8
1996,Indonesia-1,1
1996,Iran,8
1996,Ireland,16
1996,Israel,1
1996,Italy,97
1996,Jamaica,13
1996,Japan,32
1996,Kazakhstan,27
1996,Kenya,16
1996,Latvia,2
1996,Lithuania,1
1996,Malaysia,1
1996,Malaysia-1,2
1996,Mexico,1
1996,Moldova,3
1996,Mongolia,1
1996,Morocco,2
1996,Mozambique,1
1996,Namibia,4
1996,Netherlands,40
1996,New Zealand,20
1996,Nigeria,15
1996,North Korea,14
1996,Norway,17
1996,Philippines,2
1996,Poland,50
1996,Portugal,6
1996,Puerto Rico,1
1996,Romania,42
1996,Russia,188
1996,Serbia and Montenegro,9
1996,Slovakia,8
1996,Slovenia,4
1996,South Africa,18
1996,South Korea,59
1996,South Korea-1,6
1996,South Korea-2,5
1996,Spain,43
1996,Sweden,20
1996,Switzerland,26
1996,Syria,5
1996,Thailand,6
1996,Tonga,2
1996,Trinidad and Tobago,2
1996,Tunisia,1
1996,Turkey,23
1996,Uganda,1
1996,Ukraine,61
1996,United States,302
1996,United States-1,5
1996,United States-2,2
1996,Uzbekistan,3
1996,Zambia,2
2000,Algeria,10
2000,Argentina,6
2000,Armenia,1
2000,Australia,142
2000,Australia-1,5
2000,Austria,12
2000,Azerbaijan,11
2000,Bahamas,11
2000,Barbados,1
2000,Belarus,32
2000,Belgium,7
2000,Brazil,13
2000,Brazil-1,4
2000,Brazil-2,1
2000,Bulgaria,39
2000,Cameroon,5
2000,Canada,29
2000,Chile,1
2000,China,161
2000,China-1,8
2000,China-2,17
2000,Chinese Taipei,6
2000,Colombia,5
2000,Costa Rica,2
2000,Croatia,6
2000,Cuba,84
2000,Czech Republic,18
2000,Czech Republic-1,1
2000,Denmark,17
2000,Estonia,7
2000,Ethiopia,25
2000,Finland,13
2000,France,103
2000,France-1,1
2000,Georgia,6
2000,Germany,124
2000,Germany-1,1
2000,Great Britain,81
2000,Great Britain-2,1
2000,Greece,35
2000,Hungary,55
2000,Iceland,1
2000,India,1
2000,Indonesia,11
2000,Indonesia-1,2
2000,Iran,16
2000,Ireland,2
2000,Israel,1
2000,Italy,94
2000,Jamaica,15
2000,Japan,46
2000,Kazakhstan,23
2000,Kenya,18
2000,Kuwait,1
2000,Kyrgyzstan,1
2000,Latvia,8
2000,Lithuania,13
2000,Macedonia,1
2000,Mexico,12
2000,Moldova,3
2000,Morocco,6
2000,Mozambique,5
2000,Netherlands,82
2000,New Zealand,8
2000,Nigeria,9
2000,North Korea,5
2000,Norway,29
2000,Poland,41
2000,Poland-1,2
2000,Portugal,2
2000,Qatar,1
2000,Romania,76
2000,Russia,245
2000,Saudi Arabia,3
2000,Serbia and Montenegro,8
2000,Slovakia,12
2000,Slovenia,10
2000,South Africa,7
2000,South Korea,66
2000,South Korea-1,3
2000,South Korea-2,1
2000,Spain,26
2000,Sri Lanka,2
2000,Sweden,33
2000,Switzerland,19
2000,Thailand,7
2000,Trinidad and Tobago,3
2000,Turkey,17
2000,Ukraine,45
2000,United States,254
2000,United States-1,5
2000,Uruguay,2
2000,Uzbekistan,9
2000,Vietnam,2
2004,Argentina,14
2004,Australia,134
2004,Austria,19
2004,Azerbaijan,9
2004,Bahamas,6
2004,Belarus,26
2004,Belgium,7
2004,Brazil,25
2004,Brazil-1,7
2004,Bulgaria,21
2004,Cameroon,5
2004,Canada,30
2004,Chile,11
2004,China,182
2004,China-1,20
2004,China-2,6
2004,Chinese Taipei,15
2004,Colombia,2
2004,Croatia,11
2004,Cuba,70
2004,Czech Republic,15
2004,Czech Republic-1,1
2004,Denmark,16
2004,Denmark-2,1
2004,Dominican Republic,5
2004,Egypt,10
2004,Eritrea,1
2004,Estonia,4
2004,Ethiopia,18
2004,Finland,4
2004,France,86
2004,Georgia,14
2004,Germany,115
2004,Germany-1,2
2004,Great Britain,73
2004,Great Britain-1,2
2004,Greece,46
2004,Hong Kong-2,2
2004,Hungary,55
2004,India,2
2004,Indonesia,8
2004,Indonesia-1,1
2004,Iran,16
2004,Israel,6
2004,Italy,83
2004,Jamaica,14
2004,Japan,110
2004,Kazakhstan,16
2004,Kenya,15
2004,Latvia,8
2004,Lithuania,9
2004,Mexico,7
2004,Mongolia,1
2004,Morocco,12
2004,Netherlands,47
2004,New Zealand,19
2004,Nigeria,2
2004,North Korea,9
2004,Norway,26
2004,Paraguay,2
2004,Poland,24
2004,Portugal,5
2004,Romania,56
2004,Russia,228
2004,Serbia and Montenegro,4
2004,Slovakia,16
2004,Slovenia,5
2004,South Africa,13
2004,South Korea,70
2004,South Korea-1,3
2004,South Korea-2,5
2004,Spain,41
2004,Spain-2,2
2004,Sweden,25
2004,Switzerland,9
2004,Switzerland-2,1
2004,Syria,1
2004,Thailand,21
2004,Trinidad and Tobago,1
2004,Turkey,26
2004,Ukraine,59
2004,United Arab Emirates,5
2004,United States,278
2004,United States-1,5
2004,United States-2,1
2004,Uzbekistan,14
2004,Venezuela,2
2004,Zimbabwe,8
2008,Afghanistan,1
2008,Algeria,3
2008,Argentina,14
2008,Armenia,6
2008,Australia,117
2008,Austria,4
2008,Azerbaijan,13
2008,Bahamas,3
2008,Belarus,39
2008,Belgium,7
2008,Bonaparte,5
2008,Brazil,29
2008,Brazil-1,2
2008,Brazil-2,1
2008,Bulgaria,10
2008,Cameroon,5
2008,Canada,40
2008,Chile,2
2008,China,312
2008,China-1,11
2008,China-2,2
2008,Chinese Taipei,4
2008,Clearwater,1
2008,Colombia,3
2008,Croatia,7
2008,Cuba,43
2008,Czech Republic,21
2008,Denmark,16
2008,Digby,1
2008,Dominican Republic,7
2008,Don Schufro,1
2008,Ecuador,2
2008,Egypt,1
2008,Elvis Va,5
2008,Estonia,7
2008,Ethiopia,24
2008,Finland,9
2008,France,85
2008,Georgia,18
2008,Germany,110
2008,Great Britain,137
2008,Greece,6
2008,Hungary,27
2008,Iceland,2
2008,India,7
2008,Indonesia,3
2008,Indonesia-1,7
2008,Iran,6
2008,Ireland,4
2008,Israel,1
2008,Italy,68
2008,Jamaica,31
2008,Japan,68
2008,Kazakhstan,25
2008,Kenya,43
2008,Kyrgyzstan,3
2008,Latvia,8
2008,Lithuania,7
2008,Malaysia,2
2008,Mauritius,1
2008,Mexico,11
2008,Moldova,1
2008,Mongolia,14
2008,Morocco,3
2008,Nadine,2
2008,Netherlands,47
2008,New Zealand,23
2008,Nigeria,5
2008,North Korea,15
2008,Norway,26
2008,Panama,5
2008,Poland,28
2008,Portugal,7
2008,Romania,25
2008,Russia,185
2008,Salinero,2
2008,Satchmo,5
2008,Serbia,4
2008,Singapore,2
2008,Slovakia,20
2008,Slovenia,11
2008,South Africa,2
2008,South Korea,85
2008,South Korea-1,8
2008,Spain,46
2008,Spain-1,2
2008,Sudan,2
2008,Sunrise,2
2008,Sweden,7
2008,Sweden-2,2
2008,Switzerland,16
2008,Tajikistan,3
2008,Thailand,14
2008,Togo,1
2008,Trinidad and Tobago,7
2008,Tunisia,5
2008,Turkey,14
2008,Ukraine,60
2008,United States,277
2008,United States-1,11
2008,United States-2,5
2008,Uzbekistan,12
2008,Venezuela,1
2008,Vietnam,2
2008,Zimbabwe,11
2012,Afghanistan,1
2012,Algeria,5
2012,Argentina,9
2012,Armenia,4
2012,Australia,79
2012,Azerbaijan,20
2012,Bahamas,5
2012,Bahrain,1
2012,Belarus,25
2012,Belgium,4
2012,Botswana,2
2012,Brazil,31
2012,Brazil-1,3
2012,Bulgaria,3
2012,Canada,27
2012,China,250
2012,China-1,15
2012,China-2,2
2012,Chinese Taipei,3
2012,Colombia,15
2012,Croatia,19
2012,Cuba,37
2012,Cyprus,2
2012,Czech Republic,27
2012,Czech Republic-1,2
2012,Denmark,20
2012,Denmark-1,1
2012,Dominican Republic,7
2012,Egypt,4
2012,Estonia,3
2012,Ethiopia,20
2012,Finland,4
2012,France,87
2012,France-1,2
2012,France-2,1
2012,Gabon,2
2012,Georgia,14
2012,Germany,102
2012,Germany-1,5
2012,Great Britain,191
2012,Great Britain-1,5
2012,Great Britain-2,2
2012,Greece,2
2012,Grenada,5
2012,Guatemala,2
2012,Hong Kong,1
2012,Hungary,54
2012,India,8
2012,Indonesia,3
2012,Iran,33
2012,Ireland,10
2012,Italy,69
2012,Jamaica,32
2012,Japan,78
2012,Japan-1,2
2012,Kazakhstan,42
2012,Kenya,23
2012,Kuwait,1
2012,Latvia,5
2012,Latvia-1,1
2012,Lithuania,14
2012,Malaysia,3
2012,Mexico,14
2012,Moldova,2
2012,Mongolia,7
2012,Montenegro,2
2012,Morocco,1
2012,Netherlands,50
2012,New Zealand,39
2012,North Korea,22
2012,Norway,13
2012,Poland,20
2012,Portugal,2
2012,Puerto Rico,3
2012,Qatar,2
2012,Romania,22
2012,Russia,203
2012,Russia-1,1
2012,Saudi Arabia,1
2012,Serbia,9
2012,Singapore,2
2012,Slovakia,5
2012,Slovenia,9
2012,South Africa,20
2012,South Korea,87
2012,South Korea-1,1
2012,Spain,39
2012,Sweden,16
2012,Switzerland,14
2012,Tajikistan,1
2012,Thailand,5
2012,Trinidad and Tobago,9
2012,Tunisia,8
2012,Turkey,15
2012,Uganda,5
2012,Ukraine,49
2012,United States,297
2012,United States-1,16
2012,United States-2,2
2012,Uzbekistan,7
2012,Venezuela,5
2016,Algeria,4
2016,Argentina,17
2016,Armenia,11
2016,Australia,72
2016,Austria,1
2016,Azerbaijan,29
2016,Bahamas,6
2016,Bahrain,7
2016,Belarus,17
2016,Belgium,16
2016,Brazil,46
2016,Brazil-1,7
2016,Bulgaria,4
2016,Burundi,2
2016,Canada,41
2016,China,186
2016,China-1,6
2016,Chinese Taipei,7
2016,Colombia,22
2016,Cote d'Ivoire,6
2016,Croatia,33
2016,Cuba,33
2016,Czech Republic,15
2016,Czech Republic-1,1
2016,Denmark,29
2016,Dominican Republic,1
2016,Egypt,3
2016,Estonia,1
2016,Ethiopia,14
2016,Fiji,5
2016,Finland,1
2016,France,100
2016,Georgia,16
2016,Germany,115
2016,Germany-1,5
2016,Great Britain,198
2016,Greece,19
2016,Grenada,2
2016,Hungary,50
2016,India,3
2016,Individual Olympic Athletes,6
2016,Indonesia,4
2016,Indonesia-1,5
2016,Iran,21
2016,Ireland,4
2016,Israel,2
2016,Italy,70
2016,Italy-1,2
2016,Jamaica,38
2016,Japan,97
2016,Jordan,5
2016,Kazakhstan,35
2016,Kenya,43
2016,Kosovo,5
2016,Lithuania,5
2016,Malaysia,9
2016,Mexico,8
2016,Mongolia,3
2016,Morocco,1
2016,Netherlands,57
2016,Netherlands-1,1
2016,New Zealand,43
2016,Niger,2
2016,Nigeria,1
2016,North Korea,18
2016,Norway,4
2016,Philippines,2
2016,Poland,22
2016,Portugal,1
2016,Puerto Rico,5
2016,Qatar,2
2016,Romania,9
2016,Russia,144
2016,Russia-2,5
2016,Serbia,20
2016,Singapore,5
2016,Slovakia,14
2016,Slovenia,10
2016,South Africa,24
2016,South Korea,59
2016,South Korea-1,1
2016,Spain,44
2016,Spain-2,5
2016,Sweden,25
2016,Switzerland,21
2016,Tajikistan,5
2016,Thailand,16
2016,Trinidad and Tobago,1
2016,Tunisia,3
2016,Turkey,15
2016,Ukraine,24
2016,United Arab Emirates,1
2016,United States,333
2016,United States-1,3
2016,United States-2,6
2016,Uzbekistan,31
2016,Venezuela,4
2016,Vietnam,7
2021,Argentina,4
2021,Armenia,6
2021,Australia,121
2021,Austria,12
2021,Azerbaijan,10
2021,Bahamas,10
2021,Bahrain,2
2021,Belarus,14
2021,Belgium,20
2021,Bermuda,5
2021,Brazil,55
2021,Bulgaria,19
2021,Canada,58
2021,Chinese Taipei,24
2021,Colombia,9
2021,Croatia,23
2021,Cuba,46
2021,Czech Republic,31
2021,Denmark,27
2021,Dominican Republic,8
2021,Ecuador,12
2021,Egypt,11
2021,Estonia,6
2021,Ethiopia,9
2021,Fiji,6
2021,Finland,2
2021,France,85
2021,Georgia,21
2021,Germany,88
2021,Great Britain,174
2021,Greece,13
2021,"Hong Kong, China",12
2021,Hungary,51
2021,India,13
2021,Indonesia,10
2021,Ireland,12
2021,Islamic Republic of Iran,21
2021,Israel,12
2021,Italy,90
2021,Jamaica,26
2021,Japan,180
2021,Jordan,3
2021,Kazakhstan,8
2021,Kenya,30
2021,Kosovo,10
2021,Kyrgyzstan,5
2021,Latvia,6
2021,Lithuania,2
2021,Malaysia,3
2021,Mexico,4
2021,Mongolia,5
2021,Morocco,5
2021,Namibia,2
2021,Netherlands,88
2021,New Zealand,54
2021,Nigeria,3
2021,North Macedonia,2
2021,Norway,26
2021,People's Republic of China,272
2021,Philippines,10
2021,Poland,35
2021,Portugal,9
2021,Puerto Rico,5
2021,Qatar,11
2021,ROC,179
2021,Republic of Korea,48
2021,Romania,11
2021,San Marino,4
2021,Saudi Arabia,2
2021,Serbia,22
2021,Slovakia,10
2021,Slovenia,18
2021,South Africa,9
2021,Spain,37
2021,Sweden,27
2021,Switzerland,29
2021,Thailand,6
2021,Tunisia,7
2021,Turkey,23
2021,Turkmenistan,2
2021,Uganda,13
2021,Ukraine,29
2021,United States,310
2021,Uzbekistan,17
2021,Venezuela,11
2024,AIN,12
2024,Albania,2
2024,Algeria,11
2024,Argentina,8
2024,Armenia,7
2024,Australia,144
2024,Austria,13
2024,Azerbaijan,17
2024,Bahrain,13
2024,Belgium,23
2024,Botswana,7
2024,Brazil,39
2024,Bulgaria,20
2024,Cabo Verde,1
2024,Canada,70
2024,Chile,7
2024,China,278
2024,Chinese Taipei,15
2024,Colombia,7
2024,Croatia,17
2024,Cuba,18
2024,Cyprus,2
2024,Czechia,17
2024,Côte d'Ivoire,1
2024,DPR Korea,8
2024,Denmark,19
2024,Dominica,5
2024,Dominican Republic,7
2024,EOR,1
2024,Ecuador,11
2024,Egypt,8
2024,Ethiopia,11
2024,Fiji,2
2024,France,154
2024,Georgia,22
2024,Germany,94
2024,Great Britain,143
2024,Greece,13
2024,Grenada,2
2024,Guatemala,6
2024,"Hong Kong, China",12
2024,Hungary,50
2024,IR Iran,30
2024,India,7
2024,Indonesia,11
2024,Ireland,23
2024,Israel,16
2024,Italy,101
2024,Jamaica,13
2024,Japan,137
2024,Jordan,2
2024,Kazakhstan,14
2024,Kenya,29
2024,Korea,93
2024,Kosovo,3
2024,Kyrgyzstan,8
2024,Lithuania,6
2024,Malaysia,2
2024,Mexico,8
2024,Mongolia,2
2024,Morocco,6
2024,Netherlands,101
2024,New Zealand,67
2024,Norway,25
2024,Pakistan,5
2024,Panama,2
2024,Peru,1
2024,Philippines,12
2024,Poland,18
2024,Portugal,10
2024,Puerto Rico,2
2024,Qatar,1
2024,Republic of Moldova,5
2024,Romania,25
2024,Saint Lucia,7
2024,Serbia,18
2024,Singapore,1
2024,Slovakia,1
2024,Slovenia,12
2024,South Africa,13
2024,Spain,42
2024,Sweden,31
2024,Switzerland,14
2024,Tajikistan,3
2024,Thailand,13
2024,Tunisia,8
2024,Türkiye,11
2024,Uganda,7
2024,Ukraine,29
2024,United States,330
2024,Uzbekistan,47
2024,Zambia,1
