Year,Team,Medal,Count
1896,Australia,Gold,2
1896,United States,Silver,7
1896,United States,Bronze,2
1896,Switzerland,Silver,2
1896,Switzerland,Gold,1
1896,Hungary,Silver,1
1896,Hungary,Gold,2
1896,Hungary,Bronze,3
1896,Greece-1,Silver,2
1896,Greece,Silver,16
1896,Greece,Gold,10
1896,Greece,Bronze,18
1896,Great Britain/Germany,Gold,2
1896,Great Britain,Silver,3
1896,Great Britain,Gold,2
1896,United States,Gold,11
1896,Germany,Silver,5
1896,Australia/Great Britain,Bronze,2
1896,Austria,Bronze,2
1896,Austria,Gold,2
1896,Austria,Silver,1
1896,Great Britain,Bronze,2
1896,Denmark,Gold,1
1896,Denmark,Bronze,3
1896,Ethnikos Gymnastikos Syllogos,Bronze,2
1896,France,Bronze,2
1896,France,Gold,5
1896,France,Silver,4
1896,Germany,Bronze,2
1896,Germany,Gold,24
1896,Denmark,Silver,2
1900,Martha-1,Bronze,4
1900,Martha-1,Silver,4
1900,Mascotte,Silver,3
1900,Mignon-3,Bronze,1
1900,Minerva Amsterdam,Bronze,9
1900,Norway,Bronze,3
1900,Minerva Amsterdam,Silver,5
1900,Moseley Wanderers,Silver,15
1900,Netherlands,Bronze,6
1900,Nina Claire-2,Bronze,4
1900,Luxembourg,Gold,1
1900,Minerva Amsterdam,Gold,3
1900,Ludwigshafener Ruder Verein-1,Bronze,5
1900,India,Silver,2
1900,Lerina,Silver,3
1900,Lerina,Gold,3
1900,Laurea-1,Bronze,1
1900,Italy,Silver,2
1900,Italy,Gold,3
1900,Hungary,Silver,2
1900,Hungary,Gold,1
1900,Hungary,Bronze,2
1900,Gwendoline-2,Bronze,3
1900,Great Britain-2,Bronze,2
1900,Great Britain-1,Gold,2
1900,Norway,Silver,6
1900,Libellule de Paris,Bronze,7
1900,Olle,Gold,6
1900,Switzerland,Silver,1
1900,Pupilles de Neptune de Lille #2-1,Bronze,8
1900,Vesper Boat Club,Gold,9
1900,Upton Park FC,Gold,11
1900,Univ. of Brussels,Bronze,11
1900,United States/Great Britain,Bronze,2
1900,United States/France,Silver,2
1900,United States,Silver,14
1900,United States,Gold,18
1900,United States,Bronze,13
1900,Union des Socits Franais de Sports Athletiques,Silver,12
1900,Union des Socits Franais de Sports Athletiques,Gold,17
1900,USFSA,Silver,13
1900,Turquoise-1,Bronze,1
1900,Tritons Lillois-2,Silver,5
1900,Great Britain,Silver,6
1900,Switzerland,Gold,13
1900,Switzerland,Bronze,1
1900,Sweden,Bronze,1
1900,Spain,Gold,2
1900,Societ Nautique de la Marne-1,Silver,2
1900,Scotia,Gold,6
1900,Scamasaxe-3,Silver,2
1900,Scamasaxe-2,Bronze,2
1900,Sarcelle-3,Bronze,3
1900,Royal Club Nautique de Gand,Silver,9
1900,Rowing Club Castillon-3,Bronze,3
1900,Racing Club de France,Silver,11
1900,Quand-Mme-2,Silver,9
1900,"Osborne Swimming Club, Manchester",Gold,7
1900,Great Britain,Gold,9
1900,Pupilles de Neptune de Lille-1,Bronze,4
1900,Gitana-2,Silver,5
1900,Cercle de l'Aviron Roubaix-4,Gold,5
1900,Carabinier-15,Gold,1
1900,Canada,Gold,1
1900,Canada,Bronze,1
1900,Brynhild-2,Silver,1
1900,Brussels Swimming and Water Polo Club,Silver,10
1900,Bona Fide,Gold,3
1900,Bohemia/Great Britain,Bronze,2
1900,Bohemia,Silver,1
1900,Bohemia,Bronze,1
1900,Belgium-1,Gold,1
1900,Belgium,Gold,5
1900,Cicely-1,Gold,1
1900,Belgium,Bronze,4
1900,Baby-1,Gold,1
1900,Baby-1,Bronze,1
1900,"BLO Polo Club, Rugby",Silver,4
1900,Austria,Silver,3
1900,Austria,Bronze,3
1900,Australia,Gold,2
1900,Australia,Bronze,3
1900,Aschenbrodel,Silver,4
1900,Aschenbrodel,Gold,4
1900,Amateur Athletic Association,Gold,5
1900,A North American Team,Bronze,4
1900,Great Britain,Bronze,7
1900,"Bagatelle Polo Club, Paris",Bronze,4
1900,Club Nautique de Lyon-2,Silver,4
1900,Belgium,Silver,5
1900,Crabe II-4,Bronze,5
1900,Gitana-2,Bronze,5
1900,Crabe II-1,Silver,5
1900,Germany,Silver,1
1900,Germany,Gold,1
1900,"Germania Ruder Club, Hamburg-2",Gold,5
1900,Frimousse,Bronze,1
1900,Frankfurt Club,Silver,15
1900,France/Great Britain,Silver,2
1900,France-1,Silver,1
1900,France,Silver,27
1900,France,Gold,22
1900,France,Bronze,26
1900,Foxhunters Hurlingham,Gold,5
1900,Formosa,Bronze,1
1900,France-1,Bronze,3
1900,Cuba,Gold,1
1900,Femur-1,Gold,1
1900,Cuba,Silver,1
1900,Denmark,Bronze,2
1900,Denmark,Gold,1
1900,Denmark/Sweden,Gold,6
1900,Deutscher Schwimm Verband Berlin,Gold,4
1900,Denmark,Silver,3
1900,Esterel-1,Gold,2
1900,Fantlet-7,Gold,1
1900,Favorite Hammonia-3,Bronze,6
1900,Favorite-1,Silver,8
1900,Devon and Somerset Wanderers,Gold,12
1904,St. Louis Southwest Turnverein #2-3,Bronze,5
1904,Seawanhaka Boat Club-1,Gold,2
1904,St. Louis Southwest Turnverein #1-2,Silver,5
1904,New York Athletic Club,Gold,5
1904,St. Louis Amateur Athletic Association,Silver,12
1904,Ravenswood Boat Club-2,Silver,2
1904,New York Athletic Club #1-1,Gold,4
1904,"Philadelphia Turngemeinde, Philadelphia",Gold,6
1904,Norway,Gold,2
1904,"New York Turnverein, New York",Silver,6
1904,New York Athletic Club-1,Gold,7
1904,St. Rose-2,Bronze,12
1904,Potomac Archers,Gold,4
1904,Switzerland,Bronze,2
1904,Western Rowing Club-3,Bronze,6
1904,Toronto Argonauts,Silver,9
1904,Trans-Mississippi Golf Association-2,Silver,10
1904,United States,Bronze,66
1904,United States,Gold,65
1904,United States,Silver,68
1904,United States Golf Association-3,Bronze,10
1904,United States-1,Gold,2
1904,United States-2,Silver,2
1904,United States-3,Bronze,2
1904,United States-4,Bronze,2
1904,Vesper Boat Club,Gold,9
1904,Western Golf Association-1,Gold,10
1904,Mound City Rowing Club-2,Silver,4
1904,Winnipeg Shamrocks-1,Gold,12
1904,Switzerland,Gold,1
1904,Mohawk Indians-2,Bronze,12
1904,Galt Football Club,Gold,13
1904,Milwaukee Athletic Club-1,Gold,5
1904,Missouri Athletic Club-3,Bronze,11
1904,Atalanta Boat Club-1,Gold,2
1904,Atalanta Boat Club-2,Silver,2
1904,Australia,Bronze,1
1904,Australia,Silver,3
1904,Austria,Bronze,1
1904,Austria,Gold,1
1904,Austria,Silver,1
1904,Canada,Gold,2
1904,"Central Turnverein, Chicago",Bronze,6
1904,Century Boat Club-1,Gold,4
1904,Chicago Athletic Association,Silver,5
1904,Chicago Athletic Association-2,Silver,11
1904,Christian Brothers' College-1,Silver,11
1904,Boston Archers,Bronze,4
1904,Cincinnati Archers,Silver,4
1904,Independent Rowing Club-3,Bronze,2
1904,Cincinnati Archers,Gold,4
1904,Hungary,Silver,1
1904,Hungary,Gold,2
1904,Hungary,Bronze,1
1904,Greece,Bronze,1
1904,Great Britain,Silver,1
1904,Greece,Gold,1
1904,Germany,Silver,5
1904,Germany,Gold,4
1904,Germany,Bronze,6
1904,France,Silver,1
1904,Cuba,Gold,5
1904,Great Britain,Gold,1
1906,"Phalainis ton Thorichtou ""Hydra""-2",Bronze,7
1906,Netherlands,Silver,1
1906,Omas Helliniki P. S.,Silver,8
1906,Norway,Silver,5
1906,Norway,Gold,20
1906,Netherlands,Bronze,5
1906,Italy,Bronze,1
1906,"Marinai della nave da guerra ""Varese""",Bronze,17
1906,"Life boat naval ship ""Spetsai""-1",Silver,7
1906,"Large boat, Central Naval Prep School ""Poros""-1",Gold,17
1906,Italy,Silver,5
1906,Italy,Gold,3
1906,"Phalainis ton Thorichtou ""Hydra""-2",Silver,17
1906,"Marinai della nave da guerra ""Varese""",Gold,7
1906,Pistoja/Firenze,Bronze,9
1906,United States,Silver,6
1906,Smyrna,Silver,11
1906,Hungary,Silver,5
1906,United States,Gold,12
1906,United States,Bronze,6
1906,Thessalonki-1,Bronze,11
1906,Switzerland,Silver,3
1906,Switzerland,Gold,8
1906,Royal Club Nautique de Gand,Silver,3
1906,Switzerland,Bronze,1
1906,Sweden,Gold,2
1906,Sweden,Bronze,14
1906,Socit Nautique de la Basse Seine-1,Silver,5
1906,Socit Nautique de la Basse Seine-1,Bronze,3
1906,Socit Nautique de Bayonne-2,Bronze,5
1906,Socit Nautique de Bayonne-1,Bronze,3
1906,Sweden,Silver,5
1906,Hungary,Gold,5
1906,Great Britain,Silver,14
1906,Greece-2,Bronze,2
1906,Australia,Bronze,3
1906,Austria,Bronze,3
1906,Austria,Gold,3
1906,Austria,Silver,3
1906,Barion/Bari-2,Silver,3
1906,Belgium,Bronze,6
1906,Belgium,Gold,2
1906,Bohemia,Bronze,3
1906,Bucintoro Venezia,Gold,8
1906,Bucintoro Venezia-1,Gold,3
1906,Canada,Gold,1
1906,Canada,Silver,1
1906,Denmark,Bronze,1
1906,Denmark,Gold,14
1906,Denmark,Silver,19
1906,Belgium,Silver,1
1906,Finland,Gold,2
1906,Finland,Bronze,1
1906,Greece-1,Silver,4
1906,Greece,Silver,11
1906,Greece,Gold,7
1906,Greece,Bronze,10
1906,Great Britain,Gold,9
1906,Great Britain,Bronze,8
1906,Hungary,Bronze,3
1906,Germany,Silver,10
1906,Germany,Gold,14
1906,Germany,Bronze,6
1906,France,Silver,8
1906,France,Gold,20
1906,France,Bronze,17
1906,Finland,Silver,1
1908,Leander Club #1-1,Gold,2
1908,London City Police-1,Gold,8
1908,Liverpool Police Team-2,Silver,8
1908,Leander Club-2,Silver,4
1908,Leander Club-1,Gold,9
1908,Leander Club #2-2,Silver,2
1908,Magdalen College Boat Club-1,Gold,4
1908,K Division Metropolitan Police Team-3,Bronze,8
1908,Hungary,Bronze,6
1908,Italy,Gold,2
1908,Ireland-3,Silver,4
1908,Ireland-2,Silver,12
1908,Hurlingham-2,Silver,4
1908,Hungary,Silver,7
1908,Hungary,Gold,7
1908,Heroine,Gold,4
1908,Mouchette-2,Silver,10
1908,Italy,Silver,6
1908,Netherlands,Bronze,12
1908,United States,Gold,34
1908,Norway,Gold,7
1908,Wales-4,Bronze,11
1908,Vinga-1,Silver,5
1908,United States,Silver,16
1908,Hera-1,Gold,10
1908,United States,Bronze,15
1908,Toronto Argonauts,Bronze,9
1908,Sweden,Silver,13
1908,Sweden,Gold,48
1908,Norway,Bronze,3
1908,Sweden,Bronze,18
1908,South Africa,Gold,1
1908,Sorais-2,Bronze,5
1908,Scotland-3,Bronze,11
1908,Russia,Silver,2
1908,Russia,Gold,1
1908,Royal Club Nautique de Gand,Silver,9
1908,Roehampton-1,Gold,4
1908,Norway,Silver,32
1908,South Africa,Silver,1
1908,Gyrinus-1,Gold,6
1908,Zut,Silver,3
1908,Greece,Silver,3
1908,Cornwall,Silver,15
1908,Cobweb-1,Gold,5
1908,Canada,Silver,8
1908,Canada,Gold,14
1908,Canada,Bronze,15
1908,Camille,Gold,1
1908,Cambridge University Boat Club-2,Bronze,9
1908,Bohemia,Bronze,6
1908,Denmark,Bronze,3
1908,Berliner Ruderclub,Bronze,2
1908,Belgium,Gold,1
1908,Belgium,Bronze,8
1908,Austria,Bronze,1
1908,Australasia,Silver,2
1908,Australasia,Gold,15
1908,Australasia,Bronze,2
1908,Argonaut Rowing Club,Bronze,6
1908,Guyoni,Bronze,3
1908,Belgium,Silver,12
1908,Denmark,Silver,14
1908,Amstel Amsterdam,Bronze,4
1908,England-1,Gold,11
1908,Dormy-1,Gold,3
1908,Great Britain-3,Bronze,4
1908,Great Britain-2,Silver,6
1908,Great Britain-2,Bronze,8
1908,Great Britain-1,Silver,2
1908,Great Britain-1,Gold,12
1908,Great Britain,Silver,64
1908,Great Britain,Gold,69
1908,Great Britain,Bronze,34
1908,Greece,Bronze,1
1908,Germany,Gold,4
1908,Germany,Bronze,4
1908,France,Silver,5
1908,France,Gold,11
1908,France,Bronze,20
1908,Finland,Silver,1
1908,Finland,Gold,1
1908,Germany,Silver,11
1908,Finland,Bronze,28
1912,Norway,Silver,6
1912,Norway,Gold,25
1912,Norway,Bronze,24
1912,Nina,Silver,7
1912,"New College, Oxford-2",Silver,9
1912,Netherlands,Bronze,26
1912,Magda IX,Gold,10
1912,Leander Club-1,Gold,9
1912,Ludwigshafener Ruderverein,Gold,5
1912,Lucky Girl-1,Bronze,5
1912,Kristiania Roklub-1,Bronze,5
1912,Kitty-1,Gold,8
1912,Kerstin-1,Bronze,3
1912,Italy,Silver,1
1912,Italy,Gold,22
1912,Nurdug II,Silver,3
1912,Mac Miche,Gold,3
1912,Nykjbings paa Falster,Gold,5
1912,Sweden,Gold,95
1912,Polyteknisk Roklub-1,Bronze,5
1912,United States,Silver,25
1912,United States,Gold,46
1912,United States,Bronze,36
1912,Thames Rowing Club,Silver,5
1912,Taifun,Gold,5
1912,Switzerland,Gold,2
1912,Sweden-3,Bronze,2
1912,Sweden-2,Silver,2
1912,Sweden-1,Silver,2
1912,Sweden,Silver,38
1912,Sweden,Bronze,20
1912,South Africa,Silver,2
1912,South Africa,Gold,5
1912,Sans Atout-1,Silver,5
1912,Russia,Silver,5
1912,Russia,Bronze,2
1912,Roddklubben af 1912-1,Silver,5
1912,Ormsund Roklub-2,Bronze,5
1912,Italy,Bronze,2
1912,Hungary,Gold,10
1912,Hungary,Bronze,3
1912,England-1,Silver,12
1912,England,Silver,1
1912,Denmark,Silver,46
1912,Denmark,Bronze,28
1912,Canada,Silver,2
1912,Canada,Gold,3
1912,Berliner Ruderverein von 1876-2,Bronze,9
1912,Erna Signe,Silver,10
1912,Belgium,Silver,1
1912,Belgium,Bronze,11
1912,Austria,Silver,9
1912,Austria,Bronze,5
1912,Australasia,Silver,2
1912,Australasia,Gold,5
1912,Australasia,Bronze,3
1912,Hungary,Silver,17
1912,Belgium,Gold,7
1912,Finland,Bronze,10
1912,Canada,Bronze,3
1912,Finland,Silver,33
1912,Heatherbell,Bronze,7
1912,Finland,Gold,9
1912,Greece,Gold,1
1912,Greece,Bronze,1
1912,Great Britain-2,Gold,2
1912,Great Britain-2,Bronze,2
1912,Great Britain,Silver,35
1912,Great Britain,Gold,36
1912,Great Britain-1,Silver,2
1912,Germany,Silver,19
1912,Germany,Gold,6
1912,Germany,Bronze,14
1912,Gallia II,Bronze,7
1912,France,Silver,11
1912,France,Gold,7
1912,France,Bronze,5
1912,Great Britain,Bronze,57
1920,Norway,Bronze,24
1920,Marmi II-1,Silver,3
1920,New Zealand,Bronze,1
1920,Netherlands,Silver,8
1920,Netherlands,Gold,9
1920,Netherlands,Bronze,25
1920,Mosk II,Gold,7
1920,Lyn-2,Silver,5
1920,Irene,Gold,5
1920,Kullan,Gold,3
1920,Jo,Gold,3
1920,Japan,Silver,3
1920,Italy,Silver,9
1920,Italy,Gold,67
1920,Italy,Bronze,8
1920,Norway,Gold,14
1920,Luxembourg,Silver,1
1920,Norway,Silver,40
1920,United States,Silver,45
1920,Rose Pompon,Silver,3
1920,Heira II,Gold,9
1920,United States,Gold,111
1920,United States,Bronze,38
1920,Tan-Fe-Pah,Silver,3
1920,Switzerland,Silver,2
1920,Switzerland,Gold,6
1920,Switzerland,Bronze,21
1920,Sweden,Silver,34
1920,Sweden,Gold,45
1920,Sweden,Bronze,64
1920,Stella-2,Bronze,3
1920,Spain,Silver,23
1920,South Africa,Silver,12
1920,South Africa,Gold,3
1920,South Africa,Bronze,6
1920,Sildra-1,Gold,4
1920,Sif,Gold,4
1920,Oranje,Gold,3
1920,Greece,Silver,5
1920,Ancora,Gold,4
1920,Great Britain-2,Gold,2
1920,Czechoslovakia,Bronze,10
1920,Canada,Silver,3
1920,Canada,Gold,10
1920,Canada,Bronze,3
1920,Brazil,Silver,1
1920,Brazil,Gold,1
1920,Boreas-2,Silver,2
1920,Denmark,Bronze,1
1920,Belgium,Silver,62
1920,Belgium,Bronze,61
1920,Beatrijs III-1,Gold,3
1920,Australia,Silver,6
1920,Australia,Bronze,1
1920,Atlanta,Gold,9
1920,Antwerpia V,Bronze,5
1920,Great Britain-3,Silver,2
1920,Belgium,Gold,54
1920,Denmark,Gold,26
1920,Brazil,Bronze,5
1920,Edelweiss II-1,Gold,3
1920,Denmark,Silver,44
1920,Great Britain,Silver,40
1920,Great Britain,Gold,46
1920,Great Britain,Bronze,15
1920,France-3,Gold,2
1920,France-3,Bronze,2
1920,France,Silver,68
1920,France,Gold,11
1920,France,Bronze,55
1920,Great Britain-1,Bronze,2
1920,Finland,Silver,14
1920,Finland,Gold,21
1920,Finland,Bronze,17
1920,Estonia,Silver,2
1920,Estonia,Gold,1
1920,Elsie,Silver,4
1920,Eleda,Gold,7
1920,Fornebo,Silver,4
1924,Poland,Bronze,1
1924,Netherlands,Gold,8
1924,Netherlands,Silver,1
1924,Norway,Silver,5
1924,Norway,Bronze,3
1924,Norway,Gold,6
1924,Netherlands,Bronze,15
1924,New Zealand,Bronze,1
1924,Namoussa,Bronze,5
1924,Japan,Bronze,1
1924,Luxembourg,Silver,1
1924,Luxembourg,Gold,1
1924,Italy,Silver,5
1924,Italy,Gold,25
1924,Italy,Bronze,21
1924,Ireland,Silver,1
1924,Ireland,Bronze,1
1924,Monaco,Bronze,1
1924,Poland,Silver,4
1924,Yugoslavia,Gold,2
1924,Romania,Bronze,16
1924,Hungary,Silver,12
1924,Willem-Six,Bronze,3
1924,Uruguay,Gold,14
1924,United States-2,Silver,2
1924,United States-2,Gold,2
1924,United States-1,Gold,4
1924,United States,Silver,34
1924,United States,Gold,91
1924,Portugal,Bronze,4
1924,United States,Bronze,49
1924,Switzerland,Gold,14
1924,Switzerland,Bronze,21
1924,Sweden,Silver,22
1924,Sweden,Gold,7
1924,Sweden,Bronze,43
1924,South Africa,Silver,1
1924,South Africa,Gold,1
1924,South Africa,Bronze,1
1924,Switzerland,Silver,25
1924,Hungary,Bronze,8
1924,Hungary,Gold,2
1924,Argentina,Bronze,2
1924,Czechoslovakia,Silver,4
1924,Czechoslovakia,Gold,1
1924,Czechoslovakia,Bronze,5
1924,Canada,Silver,19
1924,Canada,Bronze,1
1924,Bonzo,Silver,3
1924,Belgium,Silver,30
1924,Belgium,Gold,3
1924,Belgium,Bronze,6
1924,Austria,Silver,3
1924,Austria,Bronze,1
1924,Australia,Silver,5
1924,Australia,Gold,3
1924,Australia,Bronze,2
1924,Argentina,Silver,3
1924,Argentina,Gold,5
1924,Haiti,Bronze,5
1924,Denmark,Bronze,3
1924,Denmark,Gold,2
1924,Bera,Gold,5
1924,Elisabeth V,Gold,3
1924,Denmark,Silver,6
1924,Great Britain-2,Silver,2
1924,Great Britain-1,Bronze,2
1924,Great Britain,Silver,23
1924,Great Britain,Gold,15
1924,Great Britain,Bronze,17
1924,France-2,Bronze,2
1924,France-1,Silver,2
1924,France,Silver,49
1924,Greece,Gold,1
1924,France,Bronze,15
1924,France,Gold,37
1924,Estonia,Bronze,4
1924,Estonia,Gold,1
1924,Estonia,Silver,1
1924,Emily,Silver,5
1924,Finland,Gold,24
1924,Finland,Silver,13
1924,Finland,Bronze,15
1928,Netherlands,Bronze,8
1928,Norway,Bronze,1
1928,Norna,Gold,4
1928,New Zealand,Gold,1
1928,Netherlands,Silver,23
1928,Norway,Silver,4
1928,Netherlands,Gold,20
1928,Luxembourg,Gold,1
1928,Italy,Silver,22
1928,Japan,Silver,6
1928,Japan,Gold,2
1928,Japan,Bronze,1
1928,Italy,Gold,24
1928,Italy,Bronze,26
1928,Ireland,Gold,1
1928,India,Gold,14
1928,Philippines,Bronze,1
1928,L'Aile VI,Gold,6
1928,Poland,Bronze,15
1928,Hungary,Silver,11
1928,Poland,Silver,3
1928,Yugoslavia,Gold,1
1928,Yugoslavia,Bronze,10
1928,Yugoslavia,Silver,1
1928,United States,Silver,24
1928,United States,Gold,47
1928,United States,Bronze,17
1928,Tutti V,Bronze,5
1928,Sylvia,Bronze,6
1928,Poland,Gold,2
1928,Switzerland,Silver,10
1928,Switzerland,Bronze,4
1928,Sweden,Silver,8
1928,Sweden,Gold,7
1928,Sweden,Bronze,16
1928,Spain,Gold,3
1928,South Africa,Gold,1
1928,South Africa,Bronze,5
1928,Portugal,Bronze,6
1928,Switzerland,Gold,16
1928,Hungary,Gold,10
1928,Uruguay,Gold,17
1928,Hi-Hi,Silver,4
1928,Czechoslovakia,Silver,12
1928,Czechoslovakia,Gold,2
1928,Czechoslovakia,Bronze,2
1928,Chile,Silver,1
1928,Canada,Silver,5
1928,Canada,Gold,7
1928,Canada,Bronze,21
1928,Belgium,Silver,1
1928,Belgium,Bronze,4
1928,Austria,Gold,3
1928,Austria,Bronze,2
1928,Australia,Silver,2
1928,Australia,Gold,1
1928,Australia,Bronze,1
1928,Argentina,Gold,3
1928,Argentina,Bronze,5
1928,Hollandia,Silver,6
1928,Denmark,Bronze,4
1928,Denmark,Gold,6
1928,Argentina,Silver,18
1928,Egypt,Bronze,1
1928,Denmark,Silver,1
1928,Haiti,Silver,1
1928,Great Britain,Silver,27
1928,Great Britain,Bronze,24
1928,Germany,Silver,15
1928,Germany,Gold,21
1928,Germany,Bronze,41
1928,France,Silver,24
1928,France,Gold,6
1928,Great Britain,Gold,7
1928,Finland,Silver,8
1928,Finland,Gold,8
1928,Finland,Bronze,9
1928,Estonia,Silver,1
1928,Estonia,Gold,2
1928,Estonia,Bronze,1
1928,Egypt,Silver,1
1928,France,Bronze,14
1928,Egypt,Gold,2
1932,Netherlands,Silver,10
1932,Netherlands,Gold,2
1932,Netherlands,Bronze,1
1932,Mexico,Silver,2
1932,Latvia,Silver,1
1932,Jupiter,Gold,2
1932,Joy,Silver,2
1932,Japan,Bronze,4
1932,Japan,Gold,10
1932,Italy,Silver,38
1932,Italy,Gold,21
1932,Italy,Bronze,18
1932,New Zealand,Silver,2
1932,Ireland,Gold,2
1932,Japan,Silver,17
1932,Philippines,Bronze,3
1932,Sweden,Silver,7
1932,Poland,Gold,3
1932,India,Gold,15
1932,Uruguay,Bronze,1
1932,United States,Silver,42
1932,United States,Gold,67
1932,United States,Bronze,61
1932,Switzerland,Silver,1
1932,Poland,Bronze,14
1932,Swedish Star,Bronze,2
1932,Sweden,Bronze,10
1932,Spain,Bronze,1
1932,South Africa,Gold,2
1932,South Africa,Bronze,3
1932,Santa Maria,Silver,6
1932,Poland,Silver,4
1932,Sweden,Gold,9
1932,Hungary,Silver,5
1932,Hungary,Gold,20
1932,Hungary,Bronze,8
1932,Caprice,Bronze,4
1932,Canada,Silver,7
1932,Canada,Gold,2
1932,Canada,Bronze,20
1932,Bissbi,Gold,4
1932,Belgium,Bronze,1
1932,Czechoslovakia,Bronze,2
1932,Austria,Silver,1
1932,Australia,Silver,1
1932,Australia,Gold,3
1932,Australia,Bronze,1
1932,Argentina,Silver,1
1932,Argentina,Gold,3
1932,Angelita,Gold,12
1932,Austria,Bronze,3
1932,Czechoslovakia,Gold,1
1932,Austria,Gold,1
1932,Denmark,Bronze,4
1932,Czechoslovakia,Silver,3
1932,Great Britain,Silver,10
1932,Great Britain,Gold,9
1932,Great Britain,Bronze,14
1932,Germany,Gold,10
1932,Germany,Bronze,7
1932,Gallant,Silver,5
1932,Germany,Silver,26
1932,France,Silver,8
1932,France,Gold,26
1932,France,Bronze,6
1932,Finland,Silver,8
1932,Finland,Gold,5
1932,Finland,Bronze,16
1932,Denmark,Silver,7
1936,Netherlands,Gold,8
1936,Nrnberg,Gold,1
1936,Norway,Silver,1
1936,Norway,Gold,1
1936,Norway,Bronze,15
1936,New Zealand,Gold,1
1936,Netherlands,Silver,7
1936,Philippines,Bronze,1
1936,Netherlands,Bronze,19
1936,Japan,Gold,9
1936,May Be,Bronze,5
1936,Lully II,Silver,5
1936,Latvia,Silver,1
1936,Latvia,Bronze,1
1936,Lalage,Gold,5
1936,Japan,Silver,4
1936,Japan,Bronze,10
1936,Poland,Bronze,6
1936,Mexico,Bronze,16
1936,Poland,Silver,6
1936,United States,Bronze,16
1936,Potsdam,Bronze,1
1936,Wannsee,Gold,2
1936,United States,Silver,29
1936,United States,Gold,51
1936,Italy,Silver,34
1936,Turkey,Gold,1
1936,Turkey,Bronze,1
1936,Switzerland,Silver,23
1936,Switzerland,Gold,5
1936,Portugal,Bronze,3
1936,Switzerland,Bronze,24
1936,Sweden,Silver,9
1936,Sweden,Gold,7
1936,Sweden,Bronze,12
1936,Sunshine,Silver,2
1936,South Africa,Silver,1
1936,Silja,Silver,6
1936,Rostock,Silver,1
1936,Romania,Silver,1
1936,Yugoslavia,Silver,1
1936,Italy,Gold,31
1936,Canada,Bronze,9
1936,Italia,Gold,6
1936,Egypt,Bronze,2
1936,Denmark,Silver,3
1936,Denmark,Bronze,3
1936,Czechoslovakia,Silver,12
1936,Czechoslovakia,Gold,5
1936,Czechoslovakia,Bronze,1
1936,Canada,Silver,12
1936,Bem II,Bronze,2
1936,Belgium,Bronze,14
1936,Austria,Silver,42
1936,Austria,Gold,6
1936,Austria,Bronze,7
1936,Australia,Bronze,1
1936,Argentina,Silver,2
1936,Argentina,Gold,5
1936,Argentina,Bronze,4
1936,Italy,Bronze,5
1936,Egypt,Gold,2
1936,Egypt,Silver,1
1936,Canada,Gold,1
1936,Estonia,Gold,2
1936,India,Gold,19
1936,Estonia,Bronze,3
1936,Hungary,Silver,1
1936,Hungary,Gold,25
1936,Hungary,Bronze,15
1936,Great Britain,Silver,16
1936,Great Britain,Bronze,7
1936,Germany,Silver,69
1936,Germany,Gold,91
1936,Great Britain,Gold,7
1936,Germania II,Bronze,6
1936,France,Silver,13
1936,France,Gold,13
1936,France,Bronze,18
1936,Finland,Silver,6
1936,Finland,Gold,8
1936,Germany,Bronze,55
1936,Finland,Bronze,13
1936,Estonia,Silver,2
1948,Snap,Bronze,3
1948,Peru,Gold,1
1948,Poland,Bronze,1
1948,Poland,Gold,1
1948,Slaghoken,Silver,3
1948,Puerto Rico,Bronze,1
1948,Panama,Bronze,2
1948,Portugal,Bronze,3
1948,Pan,Gold,3
1948,Margaret,Bronze,2
1948,Norway,Bronze,11
1948,Netherlands,Silver,2
1948,Netherlands,Gold,8
1948,Netherlands,Bronze,30
1948,Mexico,Silver,1
1948,Mexico,Gold,4
1948,Mexico,Bronze,4
1948,Llanoria,Gold,5
1948,South Africa,Bronze,2
1948,Norway,Silver,4
1948,South Africa,Gold,2
1948,Uruguay,Silver,1
1948,South Korea,Bronze,2
1948,Kurush II,Silver,2
1948,Yugoslavia,Silver,16
1948,Uruguay,Bronze,2
1948,United States,Silver,30
1948,United States,Gold,80
1948,United States,Bronze,33
1948,Turkey,Silver,4
1948,Turkey,Gold,6
1948,Turkey,Bronze,2
1948,South Africa,Silver,2
1948,Trinidad and Tobago,Silver,1
1948,Switzerland,Gold,5
1948,Switzerland,Bronze,6
1948,Swift,Gold,2
1948,Sweden,Silver,12
1948,Sweden,Gold,30
1948,Sweden,Bronze,25
1948,Starita,Bronze,2
1948,Sri Lanka,Silver,1
1948,Spain,Silver,3
1948,Symphony,Silver,2
1948,Jamaica,Silver,2
1948,Switzerland,Silver,25
1948,Italy,Silver,32
1948,Denmark,Bronze,24
1948,Czechoslovakia,Silver,3
1948,Czechoslovakia,Gold,14
1948,Czechoslovakia,Bronze,3
1948,Canada,Silver,2
1948,Canada,Bronze,5
1948,Brazil,Bronze,10
1948,Belgium,Silver,2
1948,Belgium,Gold,5
1948,Denmark,Gold,7
1948,Belgium,Bronze,8
1948,Austria,Gold,2
1948,Austria,Bronze,4
1948,Australia,Silver,9
1948,Australia,Gold,2
1948,Australia,Bronze,5
1948,Argentina,Silver,2
1948,Argentina,Gold,3
1948,Argentina,Bronze,1
1948,Ali-Baba II,Bronze,5
1948,Austria,Silver,2
1948,Denmark,Silver,17
1948,Jamaica,Gold,1
1948,Egypt,Bronze,1
1948,Djinn,Silver,5
1948,Italy,Gold,21
1948,Italy,Bronze,14
1948,Ireland,Bronze,1
1948,Iran,Bronze,1
1948,India,Gold,20
1948,Hungary,Silver,25
1948,Hungary,Bronze,22
1948,Hilarius,Gold,2
1948,Great Britain,Silver,42
1948,Hungary,Gold,15
1948,Egypt,Silver,2
1948,Great Britain,Bronze,12
1948,France,Silver,22
1948,France,Gold,26
1948,France,Bronze,24
1948,Finland,Silver,8
1948,Finland,Gold,17
1948,Finland,Bronze,8
1948,Great Britain,Gold,5
1948,Egypt,Gold,2
1952,New Zealand,Gold,1
1952,Norway,Gold,2
1952,Pan,Gold,3
1952,Poland,Bronze,1
1952,Romania,Bronze,2
1952,Poland,Silver,2
1952,Ralia,Bronze,5
1952,New Zealand,Bronze,2
1952,Poland,Gold,1
1952,Netherlands,Silver,18
1952,Jamaica,Gold,5
1952,Merope,Gold,2
1952,Luxembourg,Gold,1
1952,Llanoria,Gold,6
1952,Lebanon,Silver,1
1952,Lebanon,Bronze,1
1952,Japan,Silver,9
1952,Japan,Gold,1
1952,Japan,Bronze,2
1952,Jamaica,Silver,3
1952,Romania,Gold,1
1952,Mexico,Silver,1
1952,Romania,Silver,1
1952,Yugoslavia,Gold,4
1952,South Africa,Gold,2
1952,Yugoslavia,Silver,20
1952,Italy,Silver,22
1952,Uruguay,Bronze,14
1952,United States,Silver,21
1952,United States,Gold,73
1952,United States,Bronze,28
1952,Turkey,Gold,2
1952,Turkey,Bronze,1
1952,Trinidad and Tobago,Bronze,2
1952,Tornado,Silver,3
1952,South Africa,Bronze,4
1952,Switzerland,Silver,19
1952,Switzerland,Bronze,12
1952,Sweden,Silver,21
1952,Sweden,Gold,23
1952,Sweden,Bronze,20
1952,Spain,Silver,1
1952,Soviet Union,Silver,62
1952,Soviet Union,Gold,36
1952,Soviet Union,Bronze,19
1952,South Korea,Bronze,2
1952,South Africa,Silver,8
1952,Switzerland,Gold,2
1952,Italy,Gold,15
1952,Venezuela,Bronze,1
1952,Ireland,Silver,1
1952,Denmark,Bronze,5
1952,Czechoslovakia,Silver,4
1952,Czechoslovakia,Gold,11
1952,Czechoslovakia,Bronze,10
1952,Complex II,Gold,4
1952,Comanche,Silver,2
1952,Chile,Silver,4
1952,Canada,Silver,3
1952,Canada,Gold,1
1952,Bulgaria,Bronze,1
1952,Denmark,Gold,3
1952,Brazil,Gold,1
1952,Belgium,Silver,3
1952,Belgium,Gold,5
1952,Austria,Silver,1
1952,Austria,Bronze,2
1952,Australia,Silver,2
1952,Australia,Gold,7
1952,Australia,Bronze,11
1952,Argentina,Silver,2
1952,Italy,Bronze,15
1952,Argentina,Bronze,2
1952,Brazil,Bronze,2
1952,Denmark,Silver,1
1952,Argentina,Gold,2
1952,Elisabeth X,Silver,5
1952,Egypt,Bronze,1
1952,Iran,Silver,3
1952,India,Gold,14
1952,India,Bronze,1
1952,Hungary,Silver,17
1952,Hungary,Gold,53
1952,Hungary,Bronze,32
1952,Hojwa,Bronze,3
1952,Gustel X,Bronze,3
1952,Great Britain,Silver,2
1952,Great Britain,Gold,3
1952,Iran,Bronze,4
1952,Germany,Silver,14
1952,Germany,Bronze,23
1952,France,Silver,9
1952,France,Gold,14
1952,France,Bronze,17
1952,Finland,Silver,3
1952,Finland,Gold,8
1952,Finland,Bronze,24
1952,Encore,Silver,3
1952,Espadarte,Bronze,2
1952,Great Britain,Bronze,26
1956,Mexico,Bronze,1
1956,Mexico,Gold,1
1956,New Zealand,Gold,1
1956,Poland,Bronze,9
1956,Norway,Gold,1
1956,Pakistan,Silver,14
1956,Poland,Gold,1
1956,Norway,Bronze,2
1956,Merope III,Silver,2
1956,Japan,Bronze,5
1956,Jest,Gold,2
1956,Japan,Silver,15
1956,Japan,Gold,4
1956,Italy,Silver,9
1956,Italy,Gold,26
1956,Italy,Bronze,10
1956,Ireland,Silver,1
1956,Ireland,Gold,1
1956,Poland,Silver,9
1956,Ireland,Bronze,3
1956,Kathleen,Gold,2
1956,Romania,Bronze,10
1956,Sweden,Gold,8
1956,Romania,Silver,3
1956,Yugoslavia,Silver,23
1956,Vision,Silver,4
1956,Uruguay,Bronze,12
1956,United States,Silver,42
1956,United States,Gold,59
1956,United States,Bronze,20
1956,Turkey,Silver,2
1956,Turkey,Gold,3
1956,Turkey,Bronze,2
1956,Tip,Silver,3
1956,Switzerland,Bronze,3
1956,Sweden,Silver,14
1956,Sweden,Bronze,6
1956,Soviet Union,Silver,46
1956,Soviet Union,Gold,68
1956,Soviet Union,Bronze,55
1956,South Korea,Silver,1
1956,South Korea,Bronze,1
1956,South Africa,Bronze,7
1956,Slaghoken II,Gold,3
1956,Rush V,Gold,3
1956,Romania,Gold,6
1956,Iran,Silver,2
1956,Iran,Bronze,1
1956,India,Gold,17
1956,Czechoslovakia,Bronze,1
1956,Chuckles,Bronze,2
1956,Chile,Silver,2
1956,Chile,Bronze,2
1956,Canada,Silver,9
1956,Canada,Gold,5
1956,Canada,Bronze,5
1956,Buraddoo,Bronze,3
1956,Bulgaria,Gold,1
1956,Czechoslovakia,Gold,1
1956,Bulgaria,Bronze,14
1956,Bluebottle,Bronze,3
1956,Belgium,Silver,2
1956,Austria,Bronze,4
1956,Australia,Silver,11
1956,Australia,Gold,28
1956,Australia,Bronze,23
1956,Argentina,Silver,1
1956,Argentina,Bronze,1
1956,Iran,Gold,2
1956,Brazil,Gold,1
1956,Czechoslovakia,Silver,5
1956,Bulgaria,Silver,3
1956,Denmark,Gold,1
1956,Iceland,Silver,1
1956,Denmark,Bronze,1
1956,Hungary,Silver,20
1956,Hungary,Gold,30
1956,Hungary,Bronze,14
1956,Greece,Bronze,1
1956,Great Britain,Silver,12
1956,Great Britain,Bronze,17
1956,Germany,Silver,20
1956,Germany,Gold,9
1956,Great Britain,Gold,8
1956,Gem IV,Bronze,2
1956,Denmark,Silver,1
1956,Germany,Bronze,23
1956,Finland,Bronze,22
1956,Finland,Gold,3
1956,Finland,Silver,1
1956,Falcon IV,Silver,2
1956,France,Gold,7
1956,France,Silver,13
1956,France,Bronze,13
1960,Poland,Silver,11
1960,South Africa,Bronze,2
1960,Skum,Silver,2
1960,Sirene,Gold,2
1960,Singapore,Silver,1
1960,Shrew II,Bronze,2
1960,Romania,Silver,1
1960,Romania,Gold,3
1960,Romania,Bronze,11
1960,Poland,Gold,4
1960,Minotaur,Gold,3
1960,Pakistan,Gold,13
1960,Pakistan,Bronze,1
1960,Nirefs,Gold,3
1960,New Zealand,Gold,2
1960,New Zealand,Bronze,1
1960,Netherlands,Silver,1
1960,Netherlands,Bronze,2
1960,Morocco,Silver,1
1960,South Africa,Silver,1
1960,Poland,Bronze,15
1960,Soviet Union,Bronze,45
1960,Yugoslavia,Silver,1
1960,Soviet Union,Silver,63
1960,Mexico,Bronze,1
1960,Yugoslavia,Gold,16
1960,West Indies Federation,Bronze,5
1960,Web II,Silver,3
1960,Venilia,Bronze,3
1960,Venezuela,Bronze,1
1960,United States,Silver,23
1960,United States,Gold,78
1960,United States,Bronze,19
1960,United Arab Republic,Silver,1
1960,United Arab Republic,Bronze,1
1960,Turkey,Silver,2
1960,Turkey,Gold,7
1960,Tornado,Gold,2
1960,Tango,Silver,3
1960,Switzerland,Silver,6
1960,Switzerland,Bronze,3
1960,Sweden,Silver,2
1960,Sweden,Gold,2
1960,Sweden,Bronze,3
1960,Spain,Bronze,14
1960,Soviet Union,Gold,59
1960,Macky VI,Bronze,3
1960,Australia,Bronze,11
1960,Japan,Silver,10
1960,Denmark,Silver,12
1960,Denmark,Gold,2
1960,Denmark,Bronze,4
1960,Czechoslovakia,Silver,7
1960,Czechoslovakia,Gold,4
1960,Czechoslovakia,Bronze,11
1960,Chinese Taipei,Silver,1
1960,Canada,Silver,9
1960,Bulgaria,Gold,1
1960,Ethiopia,Gold,1
1960,Bulgaria,Bronze,3
1960,Belgium,Silver,2
1960,Belgium,Bronze,2
1960,Ballerina IV,Bronze,3
1960,Austria,Silver,2
1960,Austria,Gold,1
1960,Australia,Silver,24
1960,Australia,Gold,11
1960,Argentina,Bronze,1
1960,Ma'Lindo,Silver,2
1960,Brazil,Bronze,13
1960,Finland,Bronze,4
1960,Bulgaria,Silver,3
1960,Finland,Silver,1
1960,Japan,Gold,9
1960,Finland,Gold,1
1960,Italy,Silver,18
1960,Italy,Gold,36
1960,Italy,Bronze,31
1960,Iraq,Bronze,1
1960,Iran,Silver,1
1960,Iran,Bronze,3
1960,India,Silver,13
1960,Hungary,Silver,16
1960,Hungary,Gold,13
1960,Japan,Bronze,12
1960,France,Bronze,6
1960,Great Britain,Silver,11
1960,Great Britain,Gold,2
1960,Great Britain,Bronze,15
1960,Ghana,Silver,1
1960,Germany,Silver,33
1960,Germany,Gold,34
1960,Germany,Bronze,19
1960,France,Silver,6
1960,Hungary,Bronze,37
1964,Poland,Bronze,23
1964,Poland,Gold,10
1964,Poland,Silver,13
1964,Romania,Bronze,10
1964,South Korea,Silver,2
1964,Romania,Silver,4
1964,Rush VII,Silver,3
1964,Philippines,Silver,1
1964,South Korea,Bronze,1
1964,Romania,Gold,2
1964,Pandora,Gold,2
1964,Netherlands,Silver,10
1964,Nigeria,Bronze,1
1964,New Zealand,Gold,2
1964,New Zealand,Bronze,2
1964,Netherlands,Gold,5
1964,Netherlands,Bronze,16
1964,Mutafo,Silver,3
1964,Mexico,Bronze,1
1964,Lady C,Silver,2
1964,Kenya,Bronze,1
1964,Pakistan,Silver,16
1964,Soviet Union,Bronze,51
1964,Yugoslavia,Gold,2
1964,Soviet Union,Silver,63
1964,Yugoslavia,Silver,11
1964,Yugoslavia,Bronze,2
1964,Widgeon,Bronze,2
1964,White Lady,Gold,3
1964,Uruguay,Bronze,1
1964,United States,Silver,35
1964,United States,Gold,95
1964,United States,Bronze,29
1964,Turkey,Silver,3
1964,Turkey,Gold,2
1964,Turkey,Bronze,1
1964,Tunisia,Silver,1
1964,Tunisia,Bronze,1
1964,Trinidad and Tobago,Silver,1
1964,Trinidad and Tobago,Bronze,5
1964,Switzerland,Silver,4
1964,Switzerland,Gold,1
1964,Switzerland,Bronze,1
1964,Sweden,Silver,1
1964,Sweden,Gold,3
1964,Sweden,Bronze,6
1964,Soviet Union,Gold,60
1964,Japan,Gold,32
1964,Japan,Silver,5
1964,Italy,Silver,28
1964,Denmark,Bronze,4
1964,Czechoslovakia,Silver,37
1964,Czechoslovakia,Gold,5
1964,Czechoslovakia,Bronze,12
1964,Cuba,Silver,1
1964,Canada,Silver,2
1964,Canada,Gold,2
1964,Canada,Bronze,1
1964,Bulgaria,Silver,5
1964,Bulgaria,Bronze,2
1964,Brazil,Bronze,12
1964,Bingo,Bronze,3
1964,Belgium,Gold,2
1964,Belgium,Bronze,1
1964,Barrenjoey,Gold,3
1964,Australia,Silver,6
1964,Australia,Gold,5
1964,Australia,Bronze,30
1964,Argentina,Silver,1
1964,Aphrodite,Bronze,3
1964,Japan,Bronze,25
1964,Denmark,Gold,4
1964,Denmark,Silver,1
1964,Bulgaria,Gold,3
1964,Finland,Bronze,2
1964,Italy,Gold,14
1964,Ethiopia,Gold,1
1964,Italy,Bronze,9
1964,Ireland,Bronze,1
1964,Iran,Bronze,2
1964,India,Gold,15
1964,Hungary,Silver,7
1964,Hungary,Bronze,7
1964,Humbug V,Bronze,2
1964,Great Britain,Silver,17
1964,Great Britain,Gold,4
1964,Hungary,Gold,42
1964,France,Bronze,17
1964,Glider,Silver,2
1964,Ghana,Bronze,1
1964,Germany,Silver,41
1964,Germany,Gold,22
1964,Germany,Bronze,50
1964,Gem,Gold,2
1964,France,Silver,13
1964,France,Gold,1
1964,Great Britain,Bronze,5
1964,Finland,Gold,3
1968,New Zealand,Bronze,2
1968,New Zealand,Gold,5
1968,Norway,Gold,4
1968,Norway,Silver,2
1968,Romania,Bronze,9
1968,Poland,Bronze,30
1968,Poland,Gold,5
1968,Poland,Silver,2
1968,Netherlands,Silver,7
1968,Pakistan,Gold,13
1968,Netherlands,Gold,6
1968,Japan,Silver,25
1968,Mongolia,Silver,1
1968,Mongolia,Bronze,3
1968,Mexico,Silver,3
1968,Mexico,Gold,3
1968,Mexico,Bronze,3
1968,Kenya,Silver,7
1968,Yugoslavia,Silver,14
1968,Kenya,Gold,3
1968,Kenya,Bronze,2
1968,Romania,Gold,5
1968,Netherlands,Bronze,1
1968,Romania,Silver,9
1968,Yugoslavia,Gold,13
1968,South Korea,Silver,1
1968,Japan,Gold,16
1968,Yugoslavia,Bronze,2
1968,West Germany,Silver,16
1968,West Germany,Gold,17
1968,West Germany,Bronze,18
1968,Venezuela,Gold,1
1968,United States,Silver,32
1968,United States,Gold,99
1968,United States,Bronze,35
1968,Uganda,Silver,1
1968,South Korea,Bronze,1
1968,Uganda,Bronze,1
1968,Tunisia,Gold,1
1968,Tunisia,Bronze,1
1968,Switzerland,Silver,3
1968,Switzerland,Bronze,10
1968,Sweden,Silver,4
1968,Sweden,Gold,4
1968,Sweden,Bronze,1
1968,Soviet Union,Silver,63
1968,Soviet Union,Gold,65
1968,Soviet Union,Bronze,64
1968,Turkey,Gold,2
1968,Japan,Bronze,22
1968,Iran,Bronze,2
1968,Italy,Silver,8
1968,Czechoslovakia,Silver,7
1968,Czechoslovakia,Gold,7
1968,Czechoslovakia,Bronze,15
1968,Cuba,Silver,10
1968,Chinese Taipei,Bronze,1
1968,Canada,Silver,3
1968,Canada,Gold,3
1968,Canada,Bronze,4
1968,Cameroon,Silver,1
1968,Bulgaria,Silver,21
1968,Denmark,Bronze,6
1968,Bulgaria,Gold,2
1968,Brazil,Silver,1
1968,Brazil,Bronze,3
1968,Belgium,Silver,1
1968,Belgium,Bronze,2
1968,Austria,Silver,2
1968,Austria,Bronze,3
1968,Australia,Silver,35
1968,Australia,Gold,5
1968,Australia,Bronze,11
1968,Argentina,Bronze,2
1968,Bulgaria,Bronze,3
1968,Denmark,Gold,5
1968,Jamaica,Silver,1
1968,East Germany,Bronze,19
1968,Italy,Gold,5
1968,Italy,Bronze,20
1968,Iran,Silver,1
1968,Iran,Gold,2
1968,India,Bronze,16
1968,Hungary,Silver,20
1968,Denmark,Silver,6
1968,Hungary,Bronze,29
1968,Greece,Bronze,1
1968,Great Britain,Silver,5
1968,Great Britain,Gold,9
1968,Hungary,Gold,32
1968,France,Silver,5
1968,France,Gold,12
1968,France,Bronze,10
1968,Finland,Silver,2
1968,Finland,Gold,1
1968,Finland,Bronze,1
1968,Ethiopia,Silver,1
1968,Ethiopia,Gold,1
1968,East Germany,Silver,20
1968,East Germany,Gold,13
1968,Great Britain,Bronze,5
1972,North Korea,Gold,1
1972,North Korea,Silver,1
1972,Norway,Bronze,4
1972,Norway,Gold,2
1972,Poland,Silver,8
1972,Pakistan,Silver,15
1972,Poland,Bronze,11
1972,Poland,Gold,27
1972,Norway,Silver,2
1972,North Korea,Bronze,13
1972,Kenya,Silver,3
1972,Niger,Bronze,1
1972,New Zealand,Silver,4
1972,New Zealand,Gold,9
1972,New Zealand,Bronze,1
1972,Netherlands,Silver,1
1972,Netherlands,Gold,3
1972,Netherlands,Bronze,2
1972,Mongolia,Silver,1
1972,Mexico,Silver,1
1972,Lebanon,Silver,1
1972,Romania,Bronze,27
1972,Nigeria,Bronze,1
1972,Romania,Gold,3
1972,Turkey,Silver,1
1972,South Korea,Silver,1
1972,Kenya,Gold,5
1972,Yugoslavia,Silver,1
1972,Yugoslavia,Gold,15
1972,Yugoslavia,Bronze,2
1972,West Germany-1,Silver,2
1972,West Germany,Silver,17
1972,West Germany,Gold,44
1972,West Germany,Bronze,39
1972,United States,Silver,59
1972,United States,Gold,69
1972,Romania,Silver,10
1972,United States,Bronze,43
1972,Uganda,Gold,1
1972,Tunisia,Silver,1
1972,Switzerland,Silver,8
1972,Sweden,Silver,10
1972,Sweden,Gold,4
1972,Sweden,Bronze,8
1972,Spain,Bronze,1
1972,Soviet Union,Silver,47
1972,Soviet Union,Gold,107
1972,Soviet Union,Bronze,60
1972,Uganda,Silver,1
1972,Kenya,Bronze,4
1972,Jamaica,Bronze,1
1972,Japan,Gold,29
1972,Denmark,Gold,1
1972,Czechoslovakia,Silver,21
1972,Czechoslovakia,Gold,2
1972,Czechoslovakia,Bronze,6
1972,Cuba,Silver,1
1972,Cuba,Gold,3
1972,Cuba,Bronze,18
1972,Colombia,Silver,1
1972,Colombia,Bronze,2
1972,Canada,Silver,2
1972,East Germany,Bronze,57
1972,Canada,Bronze,9
1972,Bulgaria,Gold,6
1972,Bulgaria,Bronze,6
1972,Brazil,Bronze,2
1972,Belgium,Silver,2
1972,Austria,Silver,1
1972,Austria,Bronze,2
1972,Japan,Silver,19
1972,Australia,Gold,11
1972,Australia,Bronze,2
1972,Argentina,Silver,1
1972,Bulgaria,Silver,10
1972,East Germany,Gold,28
1972,Australia,Silver,7
1972,East Germany-1,Gold,2
1972,Japan,Bronze,8
1972,Italy,Silver,3
1972,Italy,Gold,9
1972,Italy,Bronze,13
1972,Iran,Silver,2
1972,Iran,Bronze,1
1972,Hungary,Silver,46
1972,Hungary,Gold,10
1972,Hungary,Bronze,25
1972,Greece,Silver,2
1972,India,Bronze,14
1972,Great Britain,Gold,8
1972,Ethiopia,Bronze,2
1972,Great Britain,Silver,9
1972,Finland,Bronze,6
1972,Finland,Gold,3
1972,Finland,Silver,1
1972,East Germany,Silver,64
1972,France,Gold,2
1972,France,Silver,5
1972,Ghana,Bronze,1
1972,Great Britain,Bronze,12
1972,France,Bronze,15
1976,Pakistan,Bronze,16
1976,Romania,Gold,4
1976,Romania,Bronze,23
1976,Puerto Rico,Bronze,1
1976,Portugal,Silver,2
1976,Poland,Silver,29
1976,Poland,Gold,18
1976,Poland,Bronze,26
1976,Romania,Silver,28
1976,Mongolia,Silver,1
1976,Norway,Gold,2
1976,North Korea,Silver,1
1976,North Korea,Gold,1
1976,New Zealand,Silver,1
1976,New Zealand,Gold,15
1976,New Zealand,Bronze,9
1976,Netherlands,Silver,2
1976,Netherlands,Bronze,12
1976,South Korea,Bronze,15
1976,Norway,Silver,4
1976,South Korea,Gold,1
1976,Trinidad and Tobago,Gold,1
1976,Soviet Union,Bronze,77
1976,Mexico,Gold,1
1976,Yugoslavia,Gold,2
1976,Yugoslavia,Bronze,3
1976,West Germany,Silver,25
1976,Yugoslavia,Silver,14
1976,West Germany,Bronze,32
1976,Venezuela,Silver,1
1976,United States,Silver,58
1976,United States,Gold,70
1976,United States,Bronze,36
1976,Thailand,Bronze,1
1976,Switzerland,Silver,3
1976,Switzerland,Gold,1
1976,Switzerland,Bronze,6
1976,Sweden,Silver,1
1976,Sweden,Gold,9
1976,Spain,Silver,6
1976,Soviet Union,Silver,95
1976,Soviet Union,Gold,114
1976,South Korea,Silver,1
1976,Mexico,Bronze,1
1976,West Germany,Gold,21
1976,Japan,Gold,25
1976,Denmark,Bronze,5
1976,Czechoslovakia,Silver,4
1976,Czechoslovakia,Gold,2
1976,Czechoslovakia,Bronze,9
1976,Cuba,Silver,4
1976,Cuba,Gold,6
1976,Cuba,Bronze,14
1976,Canada,Silver,9
1976,Canada,Bronze,14
1976,Bulgaria,Silver,13
1976,Bulgaria,Gold,8
1976,Bulgaria,Bronze,18
1976,Brazil,Bronze,3
1976,Bermuda,Bronze,1
1976,Belgium,Silver,3
1976,Belgium,Bronze,6
1976,Austria,Bronze,1
1976,Australia,Bronze,8
1976,Japan,Silver,6
1976,Denmark,Gold,3
1976,East Germany,Bronze,42
1976,Australia,Silver,15
1976,East Germany,Silver,51
1976,East Germany,Gold,102
1976,Japan,Bronze,10
1976,Jamaica,Gold,1
1976,Italy,Silver,25
1976,Italy,Gold,2
1976,Italy,Bronze,4
1976,Iran,Silver,1
1976,Iran,Bronze,1
1976,Hungary,Silver,6
1976,Jamaica,Silver,1
1976,Hungary,Bronze,35
1976,Hungary,Gold,14
1976,Finland,Silver,2
1976,France,Bronze,8
1976,France,Gold,5
1976,Finland,Gold,4
1976,Great Britain,Bronze,11
1976,Great Britain,Gold,6
1976,Great Britain,Silver,15
1976,France,Silver,7
1980,Poland,Gold,3
1980,Mongolia,Silver,2
1980,North Korea,Silver,3
1980,North Korea,Bronze,2
1980,Netherlands,Silver,1
1980,Netherlands,Bronze,5
1980,Poland,Bronze,22
1980,Jamaica,Bronze,3
1980,Mexico,Silver,1
1980,Mexico,Bronze,9
1980,Lebanon,Bronze,1
1980,Italy,Silver,21
1980,Italy,Gold,8
1980,Italy,Bronze,8
1980,Poland,Silver,25
1980,Ireland,Silver,2
1980,Mongolia,Bronze,2
1980,Romania,Bronze,46
1980,Sweden,Silver,8
1980,Romania,Silver,15
1980,India,Gold,16
1980,Zimbabwe,Gold,15
1980,Yugoslavia,Silver,27
1980,Yugoslavia,Gold,13
1980,Yugoslavia,Bronze,17
1980,Venezuela,Silver,1
1980,Uganda,Silver,1
1980,Tanzania,Silver,2
1980,Switzerland,Gold,2
1980,Sweden,Gold,3
1980,Sweden,Bronze,9
1980,Spain,Silver,19
1980,Spain,Gold,2
1980,Spain,Bronze,3
1980,Soviet Union,Silver,129
1980,Soviet Union,Gold,187
1980,Soviet Union,Bronze,126
1980,Romania,Gold,7
1980,Hungary,Silver,13
1980,Ireland,Bronze,1
1980,Hungary,Bronze,40
1980,Czechoslovakia,Gold,17
1980,Czechoslovakia,Bronze,16
1980,Cuba,Silver,7
1980,Cuba,Gold,8
1980,Cuba,Bronze,5
1980,Bulgaria,Silver,44
1980,Bulgaria,Gold,8
1980,Bulgaria,Bronze,38
1980,Brazil,Bronze,5
1980,Belgium,Gold,1
1980,Austria,Silver,3
1980,Austria,Gold,1
1980,Austria,Bronze,1
1980,Australia,Silver,2
1980,Australia,Gold,6
1980,Australia,Bronze,5
1980,Hungary,Gold,8
1980,Czechoslovakia,Silver,18
1980,Denmark,Bronze,2
1980,Brazil,Gold,4
1980,Denmark,Silver,2
1980,Guyana,Bronze,1
1980,Denmark,Gold,4
1980,Greece,Gold,1
1980,Greece,Bronze,4
1980,Great Britain,Silver,18
1980,Great Britain,Bronze,24
1980,France,Silver,5
1980,France,Gold,18
1980,Great Britain,Gold,5
1980,Finland,Silver,1
1980,Finland,Gold,3
1980,Finland,Bronze,5
1980,Ethiopia,Gold,2
1980,Ethiopia,Bronze,2
1980,East Germany,Silver,88
1980,France,Bronze,6
1980,East Germany,Gold,115
1980,East Germany,Bronze,61
1984,Romania,Gold,40
1984,Pakistan,Gold,16
1984,Peru,Silver,1
1984,Portugal,Bronze,2
1984,Puerto Rico,Silver,1
1984,Puerto Rico,Bronze,1
1984,Romania,Bronze,35
1984,Norway,Silver,1
1984,Portugal,Gold,1
1984,Norway,Bronze,3
1984,Morocco,Gold,2
1984,Nigeria,Bronze,4
1984,New Zealand,Silver,1
1984,New Zealand,Gold,16
1984,New Zealand,Bronze,6
1984,Netherlands,Silver,7
1984,Netherlands,Gold,20
1984,Netherlands,Bronze,14
1984,Mexico,Silver,3
1984,Mexico,Gold,2
1984,Romania,Silver,31
1984,Nigeria,Silver,1
1984,South Korea,Bronze,7
1984,West Germany,Gold,30
1984,South Korea,Silver,28
1984,Mexico,Bronze,1
1984,Yugoslavia,Silver,5
1984,Yugoslavia,Gold,47
1984,Yugoslavia,Bronze,35
1984,West Germany,Silver,75
1984,West Germany,Bronze,53
1984,Venezuela,Bronze,3
1984,United States,Silver,116
1984,United States,Gold,186
1984,United States,Bronze,50
1984,South Korea,Gold,6
1984,Turkey,Bronze,3
1984,Syria,Silver,1
1984,Zambia,Bronze,1
1984,Switzerland,Silver,9
1984,Switzerland,Bronze,4
1984,Sweden,Silver,18
1984,Sweden,Gold,3
1984,Sweden,Bronze,13
1984,Spain,Silver,14
1984,Spain,Gold,2
1984,Spain,Bronze,3
1984,Thailand,Silver,1
1984,Kenya,Gold,1
1984,Cameroon,Bronze,1
1984,Japan,Silver,8
1984,Colombia,Silver,1
1984,Chinese Taipei,Bronze,1
1984,China,Silver,13
1984,China,Gold,24
1984,China,Bronze,37
1984,Canada,Silver,36
1984,Canada,Gold,19
1984,Canada,Bronze,32
1984,Brazil,Silver,33
1984,Brazil,Gold,1
1984,Belgium,Silver,2
1984,Belgium,Gold,1
1984,Belgium,Bronze,2
1984,Austria,Silver,1
1984,Austria,Gold,1
1984,Austria,Bronze,1
1984,Australia,Silver,14
1984,Australia,Gold,7
1984,Australia,Bronze,31
1984,Algeria,Bronze,2
1984,Kenya,Bronze,2
1984,Cote d'Ivoire,Silver,1
1984,Denmark,Bronze,10
1984,Brazil,Bronze,2
1984,Dominican Republic,Bronze,1
1984,Japan,Gold,10
1984,Denmark,Silver,3
1984,Japan,Bronze,31
1984,Jamaica,Silver,5
1984,Jamaica,Bronze,2
1984,Italy,Silver,6
1984,Italy,Bronze,28
1984,Ireland,Silver,1
1984,Iceland,Bronze,1
1984,Greece,Silver,1
1984,Greece,Bronze,1
1984,Italy,Gold,29
1984,Great Britain,Silver,20
1984,Great Britain,Gold,9
1984,Great Britain,Bronze,42
1984,France,Silver,16
1984,France,Gold,20
1984,France,Bronze,31
1984,Finland,Silver,2
1984,Finland,Gold,4
1984,Finland,Bronze,6
1984,Egypt,Silver,1
1988,Peru,Silver,12
1988,Philippines,Bronze,1
1988,Poland,Bronze,10
1988,Poland,Gold,2
1988,Poland,Silver,9
1988,Romania,Gold,8
1988,Romania,Bronze,16
1988,Senegal,Silver,1
1988,Romania,Silver,34
1988,Pakistan,Bronze,1
1988,Portugal,Gold,1
1988,Norway,Silver,20
1988,Mongolia,Bronze,1
1988,New Zealand,Silver,4
1988,New Zealand,Gold,4
1988,Netherlands Antilles,Silver,1
1988,Netherlands,Silver,6
1988,Netherlands,Gold,3
1988,Netherlands,Bronze,36
1988,Morocco,Gold,1
1988,Morocco,Bronze,2
1988,Mexico,Bronze,2
1988,Kenya,Silver,2
1988,South Korea,Bronze,10
1988,Norway,Gold,2
1988,South Korea,Gold,28
1988,Yugoslavia,Bronze,21
1988,South Korea-2,Bronze,2
1988,Kenya,Gold,5
1988,Yugoslavia,Silver,27
1988,Yugoslavia,Gold,15
1988,West Germany,Silver,37
1988,West Germany,Gold,32
1988,West Germany,Bronze,46
1988,United States Virgin Islands,Silver,1
1988,United States,Silver,66
1988,United States,Gold,87
1988,United States,Bronze,54
1988,Turkey,Silver,1
1988,South Korea,Silver,37
1988,Turkey,Gold,1
1988,Switzerland,Silver,6
1988,Switzerland,Bronze,2
1988,Sweden,Silver,5
1988,Sweden,Bronze,11
1988,Suriname,Gold,1
1988,Spain,Silver,2
1988,Spain,Gold,1
1988,Spain,Bronze,2
1988,Soviet Union,Silver,67
1988,Soviet Union,Gold,134
1988,Soviet Union,Bronze,99
1988,Thailand,Bronze,1
1988,Kenya,Bronze,2
1988,New Zealand,Bronze,16
1988,Japan,Gold,4
1988,Czechoslovakia,Gold,3
1988,Czechoslovakia,Bronze,3
1988,Costa Rica,Silver,1
1988,Colombia,Bronze,1
1988,China-1,Gold,2
1988,China,Silver,16
1988,China,Gold,4
1988,China,Bronze,30
1988,Chile,Silver,1
1988,Canada,Silver,5
1988,Canada,Gold,4
1988,Czechoslovakia,Silver,4
1988,Canada,Bronze,14
1988,Bulgaria,Gold,10
1988,Brazil,Silver,17
1988,Brazil,Gold,1
1988,Brazil,Bronze,5
1988,Belgium,Bronze,2
1988,Austria,Gold,1
1988,Australia,Silver,6
1988,Australia,Gold,18
1988,Australia,Bronze,11
1988,Argentina,Silver,1
1988,Argentina,Bronze,12
1988,Bulgaria,Silver,14
1988,Denmark,Bronze,3
1988,Bulgaria,Bronze,17
1988,Denmark,Silver,1
1988,Denmark,Gold,3
1988,Japan,Bronze,13
1988,Jamaica,Silver,7
1988,Italy,Silver,10
1988,Italy,Gold,11
1988,Italy,Bronze,8
1988,Indonesia,Silver,3
1988,Hungary,Silver,9
1988,Hungary,Gold,20
1988,Hungary,Bronze,15
1988,Japan,Silver,3
1988,Greece,Bronze,1
1988,Iran,Silver,1
1988,Great Britain,Gold,22
1988,Djibouti,Bronze,1
1988,Great Britain,Silver,17
1988,East Germany,Bronze,48
1988,East Germany,Gold,79
1988,East Germany,Silver,54
1988,Finland,Gold,1
1988,Finland,Bronze,2
1988,Finland,Silver,1
1988,France,Bronze,13
1988,France,Gold,12
1988,France,Silver,4
1988,Great Britain,Bronze,15
1992,Nigeria,Bronze,4
1992,New Zealand,Bronze,5
1992,Netherlands,Gold,5
1992,New Zealand,Gold,1
1992,New Zealand,Silver,9
1992,Netherlands,Silver,20
1992,Nigeria,Silver,7
1992,Norway,Gold,2
1992,North Korea,Gold,4
1992,North Korea-1,Bronze,2
1992,Norway,Bronze,1
1992,Norway,Silver,20
1992,Netherlands,Bronze,8
1992,Pakistan,Bronze,16
1992,North Korea,Bronze,4
1992,Namibia,Silver,2
1992,Japan,Gold,3
1992,Morocco,Bronze,1
1992,Peru,Silver,1
1992,Jamaica,Bronze,1
1992,Jamaica,Silver,3
1992,Japan,Bronze,36
1992,Japan,Silver,8
1992,Kenya,Bronze,2
1992,Kenya,Gold,2
1992,Kenya,Silver,4
1992,Latvia,Bronze,1
1992,Latvia,Silver,2
1992,Lithuania,Bronze,12
1992,Lithuania,Gold,1
1992,Malaysia-2,Bronze,2
1992,Mexico,Silver,1
1992,Mongolia,Bronze,2
1992,Morocco,Gold,1
1992,Philippines,Bronze,1
1992,Turkey,Gold,2
1992,Poland,Gold,5
1992,Sweden,Bronze,7
1992,Sweden,Gold,1
1992,Sweden,Silver,27
1992,Switzerland,Gold,1
1992,Thailand,Bronze,1
1992,Turkey,Bronze,2
1992,Italy,Silver,10
1992,Turkey,Silver,2
1992,Unified Team,Bronze,67
1992,Unified Team,Gold,92
1992,Unified Team,Silver,61
1992,United States,Bronze,85
1992,United States,Gold,87
1992,United States,Silver,50
1992,United States-1,Gold,2
1992,Suriname,Bronze,1
1992,Poland,Bronze,19
1992,Spain,Silver,19
1992,Spain,Bronze,2
1992,Poland,Silver,22
1992,Puerto Rico,Bronze,1
1992,Qatar,Bronze,1
1992,Romania,Bronze,14
1992,Romania,Gold,8
1992,Romania,Silver,31
1992,Slovenia,Bronze,6
1992,South Africa,Silver,3
1992,South Korea,Bronze,8
1992,South Korea,Gold,24
1992,South Korea,Silver,5
1992,South Korea-1,Bronze,6
1992,South Korea-1,Gold,2
1992,South Korea-2,Bronze,2
1992,South Korea-2,Gold,2
1992,Spain,Gold,48
1992,Italy,Gold,21
1992,Morocco,Silver,1
1992,Israel,Silver,1
1992,China,Gold,14
1992,China,Silver,41
1992,China-1,Gold,2
1992,China-1,Silver,4
1992,China-2,Bronze,4
1992,China-2,Gold,2
1992,Chinese Taipei,Silver,20
1992,Colombia,Bronze,1
1992,Croatia,Bronze,3
1992,Croatia,Silver,12
1992,Cuba,Bronze,14
1992,Cuba,Gold,42
1992,Cuba,Silver,13
1992,Czechoslovakia,Bronze,1
1992,Czechoslovakia,Gold,4
1992,China,Bronze,15
1992,Czechoslovakia,Silver,1
1992,Canada,Silver,5
1992,Canada,Bronze,12
1992,Italy,Bronze,14
1992,Algeria,Bronze,1
1992,Algeria,Gold,1
1992,Argentina,Bronze,2
1992,Australia,Bronze,16
1992,Australia,Gold,14
1992,Australia,Silver,27
1992,Austria,Silver,6
1992,Bahamas,Bronze,1
1992,Belgium,Bronze,2
1992,Belgium,Silver,1
1992,Brazil,Gold,13
1992,Brazil,Silver,1
1992,Bulgaria,Bronze,7
1992,Bulgaria,Gold,3
1992,Canada,Gold,27
1992,Czechoslovakia-1,Silver,2
1992,Bulgaria,Silver,7
1992,Denmark,Gold,3
1992,Greece,Gold,2
1992,Hungary,Bronze,8
1992,Hungary,Gold,14
1992,Hungary,Silver,23
1992,Individual Olympic Athletes,Bronze,2
1992,Individual Olympic Athletes,Silver,1
1992,Indonesia,Gold,2
1992,Indonesia,Silver,1
1992,Indonesia-1,Silver,2
1992,Iran,Bronze,2
1992,Iran,Silver,1
1992,Ireland,Gold,1
1992,Ireland,Silver,1
1992,Denmark,Bronze,9
1992,Israel,Bronze,1
1992,Great Britain,Silver,3
1992,Great Britain,Gold,8
1992,Indonesia,Bronze,1
1992,Finland,Bronze,2
1992,Estonia,Bronze,2
1992,Great Britain,Bronze,39
1992,Estonia,Gold,1
1992,Ethiopia,Bronze,2
1992,Ethiopia,Gold,1
1992,Finland,Gold,1
1992,Finland,Silver,4
1992,France,Bronze,41
1992,Denmark,Silver,2
1992,France,Gold,9
1992,France,Silver,5
1992,France-1,Bronze,2
1992,Germany,Bronze,60
1992,Germany,Gold,81
1992,Germany,Silver,57
1992,Ghana,Bronze,20
1996,Norway,Bronze,18
1996,North Korea,Silver,1
1996,North Korea,Gold,2
1996,Nigeria,Silver,4
1996,New Zealand,Silver,2
1996,Nigeria,Bronze,3
1996,Nigeria,Gold,17
1996,Norway,Gold,2
1996,North Korea,Bronze,2
1996,Romania,Silver,10
1996,Portugal,Gold,1
1996,Philippines,Silver,1
1996,Poland,Bronze,7
1996,Poland,Gold,7
1996,Poland,Silver,8
1996,Portugal,Bronze,2
1996,Puerto Rico,Bronze,1
1996,Romania,Bronze,15
1996,New Zealand,Gold,3
1996,Romania,Gold,13
1996,Norway,Silver,3
1996,New Zealand,Bronze,4
1996,Kenya,Bronze,3
1996,Netherlands,Gold,38
1996,Japan,Gold,3
1996,Russia,Bronze,34
1996,Japan,Silver,26
1996,Kazakhstan,Bronze,4
1996,Kazakhstan,Gold,3
1996,Kazakhstan,Silver,4
1996,Kenya,Gold,1
1996,Kenya,Silver,4
1996,Latvia,Silver,1
1996,Netherlands,Silver,9
1996,Lithuania,Bronze,11
1996,Malaysia-1,Silver,2
1996,Mexico,Bronze,1
1996,Moldova,Bronze,1
1996,Moldova,Silver,2
1996,Mongolia,Bronze,1
1996,Morocco,Bronze,2
1996,Mozambique,Bronze,1
1996,Namibia,Silver,2
1996,Netherlands,Bronze,26
1996,Malaysia,Bronze,1
1996,Russia,Gold,36
1996,Ukraine,Bronze,19
1996,Serbia and Montenegro,Bronze,13
1996,Thailand,Bronze,1
1996,Thailand,Gold,1
1996,Tonga,Silver,1
1996,Trinidad and Tobago,Bronze,2
1996,Tunisia,Bronze,1
1996,Turkey,Bronze,1
1996,Turkey,Gold,4
1996,Turkey,Silver,1
1996,Uganda,Bronze,1
1996,Syria,Gold,1
1996,Ukraine,Gold,10
1996,United States,Bronze,52
1996,United States,Gold,157
1996,United States,Silver,46
1996,United States-1,Gold,2
1996,United States-2,Silver,2
1996,Uzbekistan,Bronze,1
1996,Uzbekistan,Silver,1
1996,Zambia,Silver,1
1996,Japan,Bronze,13
1996,Ukraine,Silver,5
1996,Switzerland,Silver,6
1996,Switzerland,Gold,5
1996,Sweden,Silver,23
1996,Serbia and Montenegro,Gold,1
1996,Serbia and Montenegro,Silver,12
1996,Slovakia,Bronze,1
1996,Slovakia,Gold,1
1996,Slovakia,Silver,1
1996,Slovenia,Silver,2
1996,South Africa,Bronze,1
1996,South Africa,Gold,3
1996,South Africa,Silver,1
1996,South Korea,Bronze,3
1996,South Korea,Gold,8
1996,South Korea,Silver,45
1996,South Korea-1,Bronze,2
1996,South Korea-1,Gold,2
1996,South Korea-2,Bronze,2
1996,South Korea-2,Silver,4
1996,Spain,Bronze,22
1996,Spain,Gold,23
1996,Spain,Silver,21
1996,Sweden,Bronze,5
1996,Sweden,Gold,3
1996,Russia,Silver,45
1996,Jamaica,Silver,3
1996,Chinese Taipei,Silver,1
1996,Jamaica,Bronze,12
1996,Brazil-2,Silver,2
1996,Bulgaria,Bronze,6
1996,Bulgaria,Gold,3
1996,Bulgaria,Silver,12
1996,Burundi,Gold,1
1996,Canada,Bronze,10
1996,Canada,Gold,8
1996,Canada,Silver,30
1996,Canada-1,Bronze,2
1996,Brazil,Silver,13
1996,China,Bronze,15
1996,China,Silver,66
1996,China-1,Gold,2
1996,China-1,Silver,2
1996,China-2,Bronze,2
1996,China-2,Gold,4
1996,China-2,Silver,2
1996,Costa Rica,Gold,1
1996,Croatia,Gold,16
1996,Croatia,Silver,12
1996,China,Gold,13
1996,Cuba,Bronze,10
1996,Brazil,Gold,3
1996,Belgium,Silver,2
1996,Jamaica,Gold,1
1996,Algeria,Bronze,1
1996,Algeria,Gold,2
1996,Argentina,Bronze,1
1996,Argentina,Silver,19
1996,Armenia,Gold,1
1996,Armenia,Silver,1
1996,Australia,Bronze,82
1996,Australia,Gold,32
1996,Brazil,Bronze,43
1996,Australia,Silver,16
1996,Austria,Bronze,2
1996,Austria,Silver,1
1996,Azerbaijan,Silver,1
1996,Bahamas,Silver,5
1996,Belarus,Bronze,16
1996,Belarus,Gold,1
1996,Belarus,Silver,6
1996,Belgium,Bronze,2
1996,Belgium,Gold,2
1996,Australia-1,Bronze,2
1996,Cuba,Gold,37
1996,Brazil-1,Gold,2
1996,Czech Republic,Bronze,4
1996,Great Britain,Silver,15
1996,Greece,Gold,4
1996,Greece,Silver,4
1996,Hong Kong,Gold,1
1996,Hungary,Bronze,26
1996,Hungary,Gold,8
1996,Hungary,Silver,9
1996,India,Bronze,1
1996,Indonesia,Bronze,1
1996,Indonesia,Gold,2
1996,Indonesia,Silver,1
1996,Indonesia-1,Bronze,2
1996,Iran,Bronze,1
1996,Iran,Gold,1
1996,Iran,Silver,1
1996,Ireland,Bronze,1
1996,Ireland,Gold,3
1996,Israel,Bronze,1
1996,Italy,Bronze,28
1996,Italy,Gold,19
1996,Cuba,Silver,8
1996,Great Britain,Gold,2
1996,Great Britain,Bronze,9
1996,Italy,Silver,24
1996,Czech Republic,Gold,4
1996,Germany-1,Bronze,2
1996,Czech Republic,Silver,3
1996,Czech Republic-1,Silver,2
1996,Denmark,Bronze,1
1996,Denmark,Gold,21
1996,Ecuador,Gold,1
1996,Ethiopia,Bronze,1
1996,Ethiopia,Gold,2
1996,Finland,Bronze,1
1996,Denmark,Silver,1
1996,Finland,Silver,2
1996,Germany,Silver,35
1996,Finland,Gold,1
1996,Germany,Bronze,45
1996,Georgia,Bronze,2
1996,Germany,Gold,42
1996,France,Silver,10
1996,France,Gold,19
1996,France,Bronze,20
1996,France-1,Gold,2
2000,North Korea,Silver,1
2000,Netherlands,Bronze,23
2000,Netherlands,Gold,27
2000,Netherlands,Silver,29
2000,New Zealand,Bronze,3
2000,New Zealand,Gold,1
2000,Nigeria,Gold,6
2000,Nigeria,Silver,2
2000,North Korea,Bronze,3
2000,Norway,Bronze,19
2000,Romania,Silver,6
2000,Norway,Silver,4
2000,Poland,Bronze,7
2000,Poland,Gold,7
2000,Poland,Silver,8
2000,Poland-1,Silver,2
2000,Portugal,Bronze,2
2000,Qatar,Bronze,1
2000,Romania,Bronze,13
2000,Mozambique,Gold,1
2000,Romania,Gold,27
2000,Norway,Gold,20
2000,Morocco,Silver,1
2000,Latvia,Gold,1
2000,Moldova,Silver,1
2000,Jamaica,Silver,20
2000,Japan,Bronze,8
2000,Japan,Gold,5
2000,Japan,Silver,31
2000,Kazakhstan,Gold,3
2000,Kazakhstan,Silver,4
2000,Kenya,Bronze,2
2000,Kenya,Gold,2
2000,Kenya,Silver,3
2000,Morocco,Bronze,4
2000,Kuwait,Bronze,1
2000,Latvia,Bronze,1
2000,Latvia,Silver,1
2000,Lithuania,Bronze,15
2000,Lithuania,Gold,2
2000,Macedonia,Bronze,1
2000,Mexico,Bronze,3
2000,Mexico,Gold,1
2000,Mexico,Silver,2
2000,Moldova,Bronze,1
2000,Kyrgyzstan,Bronze,1
2000,Russia,Bronze,54
2000,Vietnam,Silver,1
2000,Russia,Silver,67
2000,Switzerland,Gold,1
2000,Switzerland,Silver,11
2000,Thailand,Bronze,2
2000,Thailand,Gold,1
2000,Trinidad and Tobago,Bronze,1
2000,Trinidad and Tobago,Silver,1
2000,Turkey,Bronze,2
2000,Turkey,Gold,3
2000,Ukraine,Bronze,12
2000,Switzerland,Bronze,2
2000,Ukraine,Gold,3
2000,United States,Bronze,51
2000,United States,Gold,128
2000,United States,Silver,61
2000,United States-1,Gold,2
2000,Uruguay,Silver,1
2000,Uzbekistan,Bronze,2
2000,Uzbekistan,Gold,1
2000,Uzbekistan,Silver,1
2000,Jamaica,Bronze,3
2000,Ukraine,Silver,20
2000,Sweden,Silver,20
2000,Sweden,Gold,4
2000,Sweden,Bronze,8
2000,Saudi Arabia,Bronze,1
2000,Saudi Arabia,Silver,1
2000,Serbia and Montenegro,Bronze,13
2000,Serbia and Montenegro,Gold,11
2000,Serbia and Montenegro,Silver,1
2000,Slovakia,Bronze,1
2000,Slovakia,Gold,2
2000,Slovakia,Silver,3
2000,Slovenia,Gold,3
2000,South Africa,Bronze,3
2000,South Africa,Silver,2
2000,South Korea,Bronze,31
2000,South Korea,Gold,12
2000,South Korea,Silver,24
2000,South Korea-1,Bronze,2
2000,South Korea-1,Silver,2
2000,South Korea-2,Bronze,2
2000,Spain,Bronze,20
2000,Spain,Gold,3
2000,Spain,Silver,19
2000,Sri Lanka,Silver,1
2000,Russia,Gold,66
2000,Italy,Silver,14
2000,Cuba,Bronze,12
2000,Italy,Bronze,29
2000,Brazil-2,Bronze,2
2000,Bulgaria,Bronze,2
2000,Bulgaria,Gold,5
2000,Bulgaria,Silver,6
2000,Cameroon,Gold,18
2000,Canada,Bronze,23
2000,Canada,Gold,4
2000,Canada,Silver,4
2000,Chile,Bronze,17
2000,Brazil-1,Silver,4
2000,China,Bronze,15
2000,China,Silver,19
2000,China-1,Bronze,2
2000,China-1,Gold,2
2000,China-1,Silver,2
2000,China-2,Gold,6
2000,China-2,Silver,2
2000,Chinese Taipei,Bronze,4
2000,Chinese Taipei,Silver,1
2000,Colombia,Gold,1
2000,China,Gold,31
2000,Brazil,Silver,8
2000,Brazil,Bronze,34
2000,Belgium,Silver,3
2000,Italy,Gold,22
2000,Algeria,Gold,1
2000,Algeria,Silver,1
2000,Argentina,Bronze,3
2000,Argentina,Silver,17
2000,Armenia,Bronze,1
2000,Australia,Bronze,54
2000,Australia,Gold,58
2000,Australia,Silver,69
2000,Australia-1,Gold,2
2000,Austria,Gold,3
2000,Austria,Silver,1
2000,Azerbaijan,Bronze,1
2000,Azerbaijan,Gold,2
2000,Bahamas,Bronze,5
2000,Bahamas,Gold,6
2000,Barbados,Bronze,1
2000,Belarus,Bronze,11
2000,Belarus,Gold,3
2000,Belarus,Silver,8
2000,Belgium,Bronze,4
2000,Costa Rica,Bronze,2
2000,Croatia,Bronze,9
2000,Algeria,Bronze,3
2000,Hungary,Bronze,4
2000,Germany-1,Bronze,2
2000,Great Britain,Bronze,10
2000,Great Britain,Silver,20
2000,Great Britain-2,Bronze,2
2000,Greece,Bronze,8
2000,Greece,Gold,4
2000,Greece,Silver,6
2000,Croatia,Gold,1
2000,Hungary,Gold,25
2000,Germany,Silver,23
2000,Hungary,Silver,24
2000,India,Bronze,1
2000,Indonesia,Bronze,2
2000,Indonesia,Gold,2
2000,Indonesia,Silver,2
2000,Indonesia-1,Silver,2
2000,Iran,Bronze,1
2000,Iran,Gold,3
2000,Ireland,Silver,1
2000,Israel,Bronze,1
2000,Iceland,Bronze,1
2000,Germany,Gold,31
2000,Great Britain,Gold,22
2000,Georgia,Bronze,6
2000,Cuba,Gold,18
2000,Cuba,Silver,35
2000,Czech Republic,Bronze,2
2000,Czech Republic,Gold,2
2000,Czech Republic,Silver,3
2000,Czech Republic-1,Bronze,2
2000,Germany,Bronze,62
2000,Denmark,Gold,18
2000,Denmark,Silver,3
2000,Estonia,Bronze,2
2000,Estonia,Gold,1
2000,Denmark,Bronze,4
2000,Ethiopia,Gold,4
2000,Ethiopia,Silver,1
2000,Finland,Bronze,1
2000,Finland,Gold,3
2000,Finland,Silver,1
2000,France,Bronze,12
2000,France,Gold,22
2000,France,Silver,30
2000,Ethiopia,Bronze,3
2000,France-1,Bronze,2
2004,Norway,Gold,5
2004,Norway,Bronze,2
2004,North Korea,Silver,4
2004,North Korea,Bronze,1
2004,Netherlands,Silver,51
2004,New Zealand,Silver,2
2004,New Zealand,Gold,4
2004,Paraguay,Silver,17
2004,Nigeria,Bronze,8
2004,Poland,Bronze,6
2004,Zimbabwe,Silver,1
2004,Poland,Silver,2
2004,Portugal,Bronze,1
2004,Portugal,Silver,2
2004,Romania,Bronze,11
2004,Romania,Gold,23
2004,Romania,Silver,5
2004,Russia,Bronze,95
2004,Russia,Gold,48
2004,Russia,Silver,46
2004,Poland,Gold,4
2004,Netherlands,Gold,4
2004,Italy,Gold,24
2004,Morocco,Silver,1
2004,Serbia and Montenegro,Silver,13
2004,Italy,Silver,41
2004,Jamaica,Bronze,6
2004,Jamaica,Silver,1
2004,Japan,Bronze,52
2004,Japan,Gold,21
2004,Japan,Silver,20
2004,Kazakhstan,Bronze,3
2004,Kazakhstan,Gold,1
2004,Netherlands,Bronze,22
2004,Kazakhstan,Silver,4
2004,Kenya,Gold,1
2004,Kenya,Silver,4
2004,Latvia,Silver,4
2004,Lithuania,Gold,1
2004,Lithuania,Silver,2
2004,Mexico,Bronze,1
2004,Mexico,Silver,3
2004,Mongolia,Bronze,1
2004,Morocco,Gold,2
2004,Kenya,Bronze,2
2004,Slovakia,Bronze,5
2004,Switzerland-2,Bronze,2
2004,Slovakia,Silver,2
2004,Trinidad and Tobago,Bronze,1
2004,Turkey,Bronze,5
2004,Turkey,Gold,3
2004,Turkey,Silver,3
2004,Ukraine,Bronze,31
2004,Ukraine,Gold,8
2004,Ukraine,Silver,8
2004,United Arab Emirates,Gold,1
2004,United States,Bronze,69
2004,Thailand,Silver,1
2004,United States,Gold,115
2004,United States-1,Gold,2
2004,United States-2,Bronze,2
2004,Uzbekistan,Bronze,2
2004,Uzbekistan,Gold,2
2004,Uzbekistan,Silver,1
2004,Venezuela,Bronze,2
2004,Zimbabwe,Bronze,1
2004,Zimbabwe,Gold,1
2004,Italy,Bronze,39
2004,United States,Silver,75
2004,Thailand,Gold,3
2004,Thailand,Bronze,4
2004,Syria,Bronze,1
2004,Slovenia,Bronze,3
2004,Slovenia,Silver,2
2004,South Africa,Bronze,3
2004,South Africa,Gold,4
2004,South Africa,Silver,3
2004,South Korea,Bronze,8
2004,South Korea,Gold,12
2004,South Korea,Silver,26
2004,South Korea-1,Bronze,2
2004,South Korea-1,Silver,2
2004,South Korea-2,Gold,2
2004,Spain,Bronze,9
2004,Spain,Gold,4
2004,Spain,Silver,15
2004,Spain-2,Silver,2
2004,Sweden,Bronze,2
2004,Sweden,Gold,5
2004,Sweden,Silver,5
2004,Switzerland,Bronze,2
2004,Switzerland,Gold,1
2004,Switzerland,Silver,2
2004,Slovakia,Gold,3
2004,Israel,Gold,1
2004,Jamaica,Gold,6
2004,Iran,Silver,2
2004,Bulgaria,Silver,1
2004,Cameroon,Gold,1
2004,Canada,Bronze,4
2004,Canada,Gold,3
2004,Canada,Silver,10
2004,Chile,Bronze,1
2004,Chile,Gold,3
2004,China,Bronze,13
2004,China,Gold,42
2004,Bulgaria,Gold,2
2004,China,Silver,27
2004,China-2,Bronze,2
2004,China-2,Gold,2
2004,Chinese Taipei,Bronze,3
2004,Chinese Taipei,Gold,2
2004,Chinese Taipei,Silver,4
2004,Colombia,Bronze,2
2004,Croatia,Bronze,3
2004,Croatia,Gold,15
2004,Croatia,Silver,3
2004,China-1,Gold,8
2004,Cuba,Bronze,22
2004,Bulgaria,Bronze,14
2004,Brazil,Silver,17
2004,Israel,Bronze,1
2004,Argentina,Bronze,21
2004,Argentina,Gold,28
2004,Australia,Bronze,31
2004,Australia,Gold,49
2004,Australia,Silver,77
2004,Austria,Bronze,1
2004,Austria,Gold,3
2004,Austria,Silver,4
2004,Brazil-1,Silver,2
2004,Azerbaijan,Bronze,4
2004,Bahamas,Bronze,1
2004,Bahamas,Gold,1
2004,Belarus,Bronze,8
2004,Belarus,Gold,2
2004,Belarus,Silver,5
2004,Belgium,Bronze,2
2004,Belgium,Gold,1
2004,Brazil,Bronze,3
2004,Brazil,Gold,16
2004,Azerbaijan,Gold,1
2004,Cuba,Gold,32
2004,Brazil-1,Gold,2
2004,Czech Republic,Bronze,4
2004,Germany,Silver,43
2004,Germany-1,Silver,2
2004,Great Britain,Bronze,15
2004,Great Britain,Gold,17
2004,Great Britain,Silver,23
2004,Great Britain-1,Silver,2
2004,Greece,Bronze,5
2004,Greece,Gold,8
2004,Hong Kong-2,Silver,2
2004,Germany,Gold,41
2004,Hungary,Bronze,4
2004,Hungary,Silver,12
2004,India,Silver,1
2004,Indonesia,Bronze,1
2004,Indonesia,Gold,1
2004,Indonesia,Silver,1
2004,Indonesia-1,Bronze,2
2004,Iran,Bronze,2
2004,Cuba,Silver,8
2004,Iran,Gold,2
2004,Hungary,Gold,24
2004,Germany,Bronze,63
2004,Greece,Silver,18
2004,Georgia,Gold,2
2004,Czech Republic,Gold,1
2004,Czech Republic,Silver,6
2004,Georgia,Silver,2
2004,Czech Republic-1,Bronze,2
2004,Denmark,Bronze,7
2004,Denmark,Gold,19
2004,Denmark,Silver,1
2004,Denmark-2,Bronze,2
2004,Egypt,Bronze,3
2004,Egypt,Gold,1
2004,Egypt,Silver,1
2004,Dominican Republic,Gold,1
2004,France,Gold,21
2004,Estonia,Bronze,2
2004,Estonia,Silver,1
2004,Ethiopia,Bronze,2
2004,Ethiopia,Gold,2
2004,Ethiopia,Silver,3
2004,Finland,Silver,2
2004,France,Bronze,22
2004,Eritrea,Bronze,1
2004,France,Silver,10
2008,Norway,Silver,5
2008,Norway,Gold,16
2008,Norway,Bronze,1
2008,New Zealand,Silver,2
2008,Nigeria,Bronze,7
2008,North Korea,Gold,2
2008,North Korea,Bronze,3
2008,Nigeria,Silver,16
2008,Panama,Gold,1
2008,North Korea,Silver,1
2008,Poland,Bronze,1
2008,Zimbabwe,Silver,3
2008,Poland,Silver,13
2008,Portugal,Gold,1
2008,Portugal,Silver,1
2008,Romania,Bronze,16
2008,Romania,Gold,5
2008,Romania,Silver,1
2008,Russia,Bronze,53
2008,Russia,Gold,43
2008,Salinero,Silver,1
2008,New Zealand,Gold,4
2008,Satchmo,Gold,1
2008,Poland,Gold,6
2008,New Zealand,Bronze,9
2008,Kenya,Gold,6
2008,Netherlands,Gold,39
2008,Serbia,Bronze,14
2008,Kazakhstan,Gold,2
2008,Kazakhstan,Silver,4
2008,Kenya,Bronze,5
2008,Kenya,Silver,4
2008,Kyrgyzstan,Bronze,1
2008,Kyrgyzstan,Silver,1
2008,Latvia,Bronze,1
2008,Latvia,Gold,1
2008,Latvia,Silver,1
2008,Lithuania,Bronze,3
2008,Lithuania,Silver,2
2008,Malaysia,Silver,1
2008,Mauritius,Bronze,1
2008,Mexico,Bronze,2
2008,Mexico,Gold,2
2008,Moldova,Bronze,1
2008,Mongolia,Gold,2
2008,Mongolia,Silver,2
2008,Morocco,Bronze,1
2008,Morocco,Silver,1
2008,Nadine,Silver,1
2008,Netherlands,Bronze,4
2008,Netherlands,Silver,15
2008,Serbia,Silver,1
2008,Uzbekistan,Bronze,3
2008,Slovakia,Bronze,1
2008,Thailand,Silver,2
2008,Togo,Bronze,1
2008,Trinidad and Tobago,Gold,5
2008,Trinidad and Tobago,Silver,1
2008,Tunisia,Gold,1
2008,Turkey,Bronze,3
2008,Turkey,Gold,1
2008,Turkey,Silver,3
2008,Ukraine,Bronze,16
2008,Ukraine,Gold,10
2008,Ukraine,Silver,5
2008,United States,Bronze,78
2008,United States,Gold,121
2008,United States,Silver,110
2008,United States-1,Bronze,2
2008,United States-1,Gold,4
2008,United States-2,Gold,2
2008,Uzbekistan,Gold,1
2008,Uzbekistan,Silver,2
2008,Venezuela,Bronze,1
2008,Vietnam,Silver,1
2008,Zimbabwe,Gold,1
2008,Kazakhstan,Bronze,7
2008,Thailand,Gold,2
2008,Singapore,Silver,3
2008,Tajikistan,Silver,1
2008,Switzerland,Silver,1
2008,Slovakia,Gold,4
2008,Slovakia,Silver,5
2008,Slovenia,Bronze,2
2008,Slovenia,Gold,1
2008,Slovenia,Silver,2
2008,South Africa,Silver,1
2008,South Korea,Bronze,24
2008,South Korea,Gold,39
2008,South Korea,Silver,9
2008,South Korea-1,Bronze,2
2008,South Korea-1,Gold,2
2008,South Korea-1,Silver,2
2008,Spain,Bronze,16
2008,Spain,Gold,7
2008,Spain,Silver,45
2008,Spain-1,Silver,2
2008,Sudan,Silver,1
2008,Sunrise,Silver,1
2008,Sweden,Bronze,2
2008,Sweden,Silver,3
2008,Sweden-2,Silver,2
2008,Switzerland,Bronze,7
2008,Switzerland,Gold,3
2008,Tajikistan,Bronze,1
2008,Japan,Silver,15
2008,Russia,Silver,46
2008,Japan,Bronze,13
2008,Bulgaria,Bronze,3
2008,Bulgaria,Gold,1
2008,Bulgaria,Silver,1
2008,Cameroon,Gold,1
2008,Canada,Bronze,11
2008,Canada,Gold,11
2008,Canada,Silver,13
2008,Chile,Silver,1
2008,China,Bronze,49
2008,China,Gold,72
2008,China,Silver,49
2008,China-1,Bronze,4
2008,China-1,Gold,2
2008,China-1,Silver,4
2008,China-2,Bronze,4
2008,Chinese Taipei,Bronze,4
2008,Clearwater,Bronze,1
2008,Colombia,Bronze,1
2008,Colombia,Silver,1
2008,Croatia,Bronze,3
2008,Croatia,Silver,2
2008,Cuba,Bronze,11
2008,Cuba,Gold,2
2008,Brazil-2,Bronze,2
2008,Cuba,Silver,34
2008,Brazil-1,Silver,2
2008,Brazil,Gold,14
2008,Japan,Gold,23
2008,Algeria,Bronze,1
2008,Algeria,Silver,1
2008,Argentina,Bronze,31
2008,Argentina,Gold,20
2008,Armenia,Bronze,6
2008,Australia,Bronze,76
2008,Australia,Gold,31
2008,Australia,Silver,42
2008,Austria,Bronze,2
2008,Austria,Silver,1
2008,Azerbaijan,Bronze,4
2008,Azerbaijan,Gold,1
2008,Azerbaijan,Silver,2
2008,Bahamas,Bronze,1
2008,Bahamas,Silver,6
2008,Belarus,Bronze,16
2008,Belarus,Gold,8
2008,Belarus,Silver,5
2008,Belgium,Gold,1
2008,Belgium,Silver,4
2008,Bonaparte,Gold,1
2008,Brazil,Bronze,28
2008,Brazil,Silver,32
2008,Czech Republic,Gold,3
2008,Afghanistan,Bronze,1
2008,Denmark,Bronze,3
2008,Great Britain,Silver,25
2008,Greece,Bronze,4
2008,Greece,Silver,3
2008,Hungary,Bronze,3
2008,Hungary,Gold,16
2008,Hungary,Silver,8
2008,Iceland,Silver,14
2008,India,Bronze,2
2008,India,Gold,1
2008,Indonesia,Bronze,3
2008,Indonesia-1,Gold,2
2008,Indonesia-1,Silver,2
2008,Iran,Bronze,1
2008,Iran,Gold,1
2008,Ireland,Bronze,2
2008,Ireland,Silver,1
2008,Israel,Bronze,1
2008,Italy,Bronze,20
2008,Italy,Gold,8
2008,Italy,Silver,14
2008,Jamaica,Bronze,6
2008,Jamaica,Gold,5
2008,Czech Republic,Silver,4
2008,Great Britain,Gold,31
2008,Great Britain,Bronze,25
2008,Jamaica,Silver,3
2008,Germany,Gold,39
2008,Denmark,Gold,6
2008,Denmark,Silver,7
2008,Digby,Bronze,1
2008,Dominican Republic,Gold,1
2008,Dominican Republic,Silver,1
2008,Don Schufro,Bronze,1
2008,Germany,Silver,16
2008,Egypt,Bronze,1
2008,Elvis Va,Gold,1
2008,Estonia,Gold,1
2008,Estonia,Silver,2
2008,Ecuador,Silver,1
2008,Ethiopia,Gold,4
2008,Ethiopia,Silver,1
2008,Finland,Bronze,2
2008,Finland,Gold,1
2008,Finland,Silver,2
2008,France,Bronze,28
2008,France,Gold,25
2008,France,Silver,24
2008,Georgia,Bronze,3
2008,Georgia,Gold,3
2008,Ethiopia,Bronze,2
2008,Germany,Bronze,41
2012,North Korea,Gold,4
2012,North Korea,Bronze,2
2012,New Zealand,Silver,3
2012,New Zealand,Gold,9
2012,Morocco,Bronze,1
2012,Netherlands,Silver,29
2012,Netherlands,Gold,21
2012,Netherlands,Bronze,19
2012,New Zealand,Bronze,15
2012,Norway,Bronze,1
2012,Romania,Silver,8
2012,Norway,Silver,1
2012,Poland,Bronze,8
2012,Poland,Gold,2
2012,Poland,Silver,2
2012,Portugal,Silver,2
2012,Puerto Rico,Bronze,1
2012,Puerto Rico,Silver,1
2012,Qatar,Bronze,2
2012,Romania,Bronze,6
2012,Romania,Gold,2
2012,Russia,Bronze,49
2012,Norway,Gold,15
2012,Montenegro,Silver,14
2012,Latvia-1,Bronze,2
2012,Mongolia,Bronze,3
2012,Jamaica,Silver,9
2012,Russia,Gold,50
2012,Japan,Bronze,33
2012,Japan,Gold,7
2012,Japan,Silver,42
2012,Japan-1,Silver,2
2012,Kazakhstan,Bronze,5
2012,Kazakhstan,Gold,7
2012,Kazakhstan,Silver,1
2012,Kenya,Bronze,5
2012,Kenya,Gold,2
2012,Kenya,Silver,4
2012,Kuwait,Bronze,1
2012,Latvia,Gold,1
2012,Lithuania,Bronze,2
2012,Lithuania,Gold,2
2012,Lithuania,Silver,1
2012,Malaysia,Bronze,1
2012,Malaysia,Silver,1
2012,Mexico,Bronze,3
2012,Mexico,Gold,16
2012,Mexico,Silver,5
2012,Moldova,Bronze,2
2012,Mongolia,Silver,2
2012,Russia,Silver,39
2012,Switzerland,Silver,2
2012,Saudi Arabia,Bronze,4
2012,Trinidad and Tobago,Gold,1
2012,Trinidad and Tobago,Silver,4
2012,Tunisia,Bronze,1
2012,Tunisia,Gold,1
2012,Tunisia,Silver,1
2012,Turkey,Bronze,1
2012,Turkey,Gold,2
2012,Turkey,Silver,2
2012,Uganda,Gold,1
2012,Ukraine,Bronze,12
2012,Trinidad and Tobago,Bronze,5
2012,Ukraine,Gold,9
2012,United States,Bronze,44
2012,United States,Gold,139
2012,United States,Silver,55
2012,United States-1,Bronze,2
2012,United States-1,Gold,6
2012,United States-2,Silver,2
2012,Uzbekistan,Bronze,2
2012,Uzbekistan,Gold,1
2012,Venezuela,Gold,1
2012,Jamaica,Gold,8
2012,Ukraine,Silver,5
2012,Thailand,Silver,2
2012,Thailand,Bronze,1
2012,Tajikistan,Bronze,1
2012,Serbia,Bronze,14
2012,Serbia,Gold,1
2012,Serbia,Silver,1
2012,Singapore,Bronze,4
2012,Slovakia,Bronze,4
2012,Slovakia,Silver,1
2012,Slovenia,Bronze,3
2012,Slovenia,Gold,1
2012,Slovenia,Silver,1
2012,South Africa,Bronze,1
2012,South Africa,Gold,6
2012,South Africa,Silver,2
2012,South Korea,Bronze,28
2012,South Korea,Gold,18
2012,South Korea,Silver,13
2012,South Korea-1,Bronze,2
2012,Spain,Bronze,25
2012,Spain,Gold,5
2012,Spain,Silver,33
2012,Sweden,Bronze,3
2012,Sweden,Gold,2
2012,Sweden,Silver,17
2012,Switzerland,Gold,2
2012,Russia-1,Bronze,2
2012,Jamaica,Bronze,8
2012,Italy,Bronze,30
2012,Italy,Gold,16
2012,Bulgaria,Silver,1
2012,Canada,Bronze,33
2012,Canada,Gold,1
2012,Canada,Silver,21
2012,China,Bronze,29
2012,China,Gold,50
2012,China,Silver,38
2012,China-1,Gold,6
2012,China-2,Silver,2
2012,Chinese Taipei,Bronze,1
2012,Bulgaria,Bronze,1
2012,Chinese Taipei,Silver,1
2012,Colombia,Gold,1
2012,Colombia,Silver,3
2012,Croatia,Bronze,16
2012,Croatia,Gold,15
2012,Croatia,Silver,4
2012,Cuba,Bronze,6
2012,Cuba,Gold,5
2012,Cuba,Silver,3
2012,Cyprus,Silver,1
2012,Czech Republic,Bronze,6
2012,Colombia,Bronze,4
2012,Brazil-1,Silver,2
2012,Brazil-1,Bronze,2
2012,Brazil,Silver,32
2012,Afghanistan,Bronze,1
2012,Italy,Silver,22
2012,Argentina,Bronze,3
2012,Argentina,Gold,1
2012,Argentina,Silver,15
2012,Armenia,Bronze,2
2012,Armenia,Silver,1
2012,Australia,Bronze,59
2012,Australia,Gold,18
2012,Australia,Silver,37
2012,Azerbaijan,Bronze,6
2012,Azerbaijan,Gold,2
2012,Azerbaijan,Silver,2
2012,Bahamas,Gold,4
2012,Bahrain,Bronze,1
2012,Belarus,Bronze,8
2012,Belarus,Gold,3
2012,Belarus,Silver,12
2012,Belgium,Bronze,2
2012,Belgium,Silver,1
2012,Botswana,Silver,1
2012,Brazil,Bronze,9
2012,Brazil,Gold,14
2012,Czech Republic,Gold,4
2012,Czech Republic,Silver,2
2012,Algeria,Gold,1
2012,Denmark,Bronze,6
2012,Great Britain,Bronze,48
2012,Great Britain,Gold,46
2012,Great Britain,Silver,28
2012,Great Britain-1,Gold,2
2012,Great Britain-2,Silver,2
2012,Greece,Bronze,3
2012,Grenada,Gold,1
2012,Guatemala,Silver,1
2012,Hong Kong,Bronze,1
2012,Hungary,Gold,12
2012,Germany-1,Gold,2
2012,Hungary,Silver,8
2012,India,Silver,2
2012,Indonesia,Bronze,1
2012,Indonesia,Silver,1
2012,Iran,Bronze,3
2012,Iran,Gold,4
2012,Iran,Silver,5
2012,Ireland,Bronze,3
2012,Ireland,Gold,1
2012,Ireland,Silver,1
2012,Czech Republic-1,Silver,2
2012,India,Bronze,4
2012,Germany,Silver,27
2012,Hungary,Bronze,6
2012,Germany,Bronze,22
2012,Germany,Gold,43
2012,Denmark,Silver,5
2012,Denmark-1,Bronze,2
2012,Dominican Republic,Gold,1
2012,Dominican Republic,Silver,1
2012,Egypt,Silver,2
2012,Estonia,Bronze,1
2012,Ethiopia,Bronze,3
2012,Ethiopia,Gold,3
2012,Ethiopia,Silver,1
2012,Finland,Bronze,4
2012,Estonia,Silver,1
2012,Denmark,Gold,3
2012,Finland,Silver,1
2012,Georgia,Gold,1
2012,Georgia,Bronze,3
2012,Gabon,Silver,1
2012,France-2,Bronze,2
2012,Georgia,Silver,3
2012,France,Silver,28
2012,France,Gold,30
2012,France,Bronze,20
2012,France-1,Silver,2
2016,Poland,Bronze,10
2016,New Zealand,Silver,25
2016,Niger,Silver,1
2016,Nigeria,Bronze,18
2016,North Korea,Bronze,2
2016,North Korea,Gold,2
2016,North Korea,Silver,3
2016,Norway,Bronze,19
2016,Philippines,Silver,1
2016,Poland,Gold,3
2016,Russia-2,Gold,2
2016,Portugal,Bronze,1
2016,Puerto Rico,Gold,1
2016,Qatar,Silver,1
2016,Romania,Bronze,10
2016,Romania,Gold,4
2016,Romania,Silver,2
2016,Russia,Bronze,35
2016,Russia,Gold,50
2016,Russia,Silver,28
2016,New Zealand,Gold,6
2016,Poland,Silver,3
2016,New Zealand,Bronze,5
2016,Japan,Bronze,34
2016,Netherlands,Silver,25
2016,Serbia,Bronze,13
2016,Japan,Gold,17
2016,Japan,Silver,13
2016,Jordan,Gold,1
2016,Kazakhstan,Bronze,10
2016,Kazakhstan,Gold,3
2016,Kazakhstan,Silver,5
2016,Kenya,Bronze,1
2016,Kenya,Gold,6
2016,Kenya,Silver,6
2016,Netherlands-1,Bronze,2
2016,Kosovo,Gold,1
2016,Lithuania,Silver,2
2016,Malaysia,Bronze,1
2016,Malaysia,Silver,7
2016,Mexico,Bronze,2
2016,Mexico,Silver,3
2016,Mongolia,Bronze,1
2016,Mongolia,Silver,1
2016,Morocco,Bronze,1
2016,Netherlands,Bronze,11
2016,Netherlands,Gold,9
2016,Lithuania,Bronze,5
2016,Serbia,Gold,14
2016,Tajikistan,Gold,1
2016,Singapore,Gold,1
2016,Tunisia,Bronze,3
2016,Turkey,Bronze,4
2016,Turkey,Gold,1
2016,Turkey,Silver,3
2016,Ukraine,Bronze,5
2016,Ukraine,Gold,2
2016,Ukraine,Silver,8
2016,United Arab Emirates,Bronze,1
2016,United States,Bronze,67
2016,United States,Gold,137
2016,Trinidad and Tobago,Bronze,1
2016,United States,Silver,52
2016,United States-1,Silver,2
2016,United States-2,Bronze,2
2016,United States-2,Gold,2
2016,Uzbekistan,Bronze,7
2016,Uzbekistan,Gold,4
2016,Uzbekistan,Silver,2
2016,Venezuela,Bronze,2
2016,Venezuela,Silver,1
2016,Vietnam,Gold,1
2016,Jamaica,Silver,17
2016,United States-1,Bronze,2
2016,Serbia,Silver,27
2016,Thailand,Silver,2
2016,Thailand,Bronze,2
2016,Slovakia,Gold,3
2016,Slovakia,Silver,5
2016,Slovenia,Bronze,1
2016,Slovenia,Gold,1
2016,Slovenia,Silver,2
2016,South Africa,Bronze,14
2016,South Africa,Gold,2
2016,South Africa,Silver,7
2016,South Korea,Bronze,8
2016,South Korea,Gold,13
2016,Thailand,Gold,2
2016,South Korea,Silver,3
2016,Spain,Bronze,17
2016,Spain,Gold,7
2016,Spain,Silver,19
2016,Spain-2,Gold,2
2016,Sweden,Bronze,3
2016,Sweden,Gold,2
2016,Sweden,Silver,23
2016,Switzerland,Bronze,2
2016,Switzerland,Gold,6
2016,Vietnam,Silver,1
2016,South Korea-1,Bronze,2
2016,Jamaica,Gold,11
2016,Switzerland,Silver,3
2016,Italy-1,Silver,2
2016,Brazil-1,Silver,2
2016,Bulgaria,Bronze,6
2016,Bulgaria,Silver,1
2016,Burundi,Silver,1
2016,Canada,Bronze,61
2016,Canada,Gold,4
2016,Canada,Silver,4
2016,China,Bronze,35
2016,China,Gold,44
2016,China,Silver,30
2016,Brazil-1,Gold,2
2016,China-1,Bronze,2
2016,Chinese Taipei,Bronze,4
2016,Chinese Taipei,Gold,1
2016,Colombia,Bronze,3
2016,Colombia,Gold,3
2016,Colombia,Silver,2
2016,Cote d'Ivoire,Bronze,1
2016,Cote d'Ivoire,Gold,1
2016,Croatia,Bronze,2
2016,Croatia,Gold,7
2016,Croatia,Silver,15
2016,China-1,Gold,2
2016,Cuba,Bronze,4
2016,Brazil,Silver,6
2016,Belgium,Silver,17
2016,Jamaica,Bronze,2
2016,Algeria,Silver,2
2016,Argentina,Gold,21
2016,Argentina,Silver,1
2016,Armenia,Gold,1
2016,Armenia,Silver,3
2016,Australia,Bronze,25
2016,Australia,Gold,23
2016,Australia,Silver,34
2016,Austria,Bronze,2
2016,Brazil,Gold,34
2016,Azerbaijan,Bronze,10
2016,Azerbaijan,Silver,7
2016,Bahamas,Bronze,5
2016,Bahamas,Gold,1
2016,Bahrain,Gold,1
2016,Bahrain,Silver,1
2016,Belarus,Bronze,7
2016,Belarus,Gold,1
2016,Belarus,Silver,4
2016,Belgium,Bronze,2
2016,Belgium,Gold,2
2016,Azerbaijan,Gold,1
2016,Cuba,Gold,5
2016,Brazil,Bronze,6
2016,Czech Republic,Bronze,10
2016,Great Britain,Silver,55
2016,Greece,Bronze,3
2016,Greece,Gold,3
2016,Greece,Silver,1
2016,Grenada,Silver,1
2016,Hungary,Bronze,7
2016,Hungary,Gold,12
2016,Hungary,Silver,3
2016,India,Bronze,1
2016,Individual Olympic Athletes,Bronze,1
2016,Great Britain,Gold,64
2016,Individual Olympic Athletes,Gold,1
2016,Indonesia-1,Gold,2
2016,Iran,Bronze,4
2016,Iran,Gold,3
2016,Iran,Silver,1
2016,Ireland,Silver,3
2016,Israel,Bronze,2
2016,Italy,Bronze,24
2016,Italy,Gold,8
2016,Cuba,Silver,2
2016,Italy,Silver,38
2016,Indonesia,Silver,2
2016,Great Britain,Bronze,26
2016,India,Silver,1
2016,Egypt,Bronze,3
2016,Germany-1,Gold,2
2016,Czech Republic-1,Bronze,2
2016,Denmark,Bronze,16
2016,Denmark,Gold,15
2016,Denmark,Silver,10
2016,Dominican Republic,Bronze,1
2016,Estonia,Bronze,4
2016,Ethiopia,Bronze,5
2016,Ethiopia,Gold,1
2016,Czech Republic,Silver,2
2016,Fiji,Gold,13
2016,Ethiopia,Silver,2
2016,Finland,Bronze,1
2016,France,Bronze,21
2016,France,Gold,20
2016,France,Silver,55
2016,Georgia,Bronze,4
2016,Georgia,Gold,2
2016,Georgia,Silver,1
2016,Germany,Bronze,67
2016,Germany,Gold,47
2016,Germany,Silver,43
2016,Czech Republic,Gold,1
2021,Cuba,Silver,3
2021,Hungary,Silver,7
2021,Republic of Korea,Silver,4
2021,New Zealand,Silver,6
2021,Kazakhstan,Gold,0
2021,Czech Republic,Silver,4
2021,Kenya,Silver,4
2021,Norway,Silver,2
2021,Brazil,Silver,6
2021,Jamaica,Silver,1
2021,Poland,Silver,5
2021,Canada,Silver,6
2021,Finland,Gold,0
2021,Germany,Silver,11
2021,France,Silver,12
2021,Netherlands,Silver,12
2021,Australia,Silver,7
2021,ROC,Silver,28
2021,Great Britain,Silver,21
2021,Japan,Silver,14
2021,People's Republic of China,Silver,32
2021,United States,Silver,41
2021,Mexico,Gold,0
2021,Spain,Silver,8
2021,Italy,Silver,10
2021,Sweden,Silver,6
2021,India,Silver,2
2021,Denmark,Silver,4
2021,Turkmenistan,Gold,0
2021,Slovakia,Silver,2
2021,Philippines,Silver,2
2021,"Hong Kong, China",Silver,2
2021,Venezuela,Silver,3
2021,Romania,Silver,3
2021,Belarus,Silver,3
2021,Ukraine,Silver,6
2021,Kosovo,Silver,0
2021,Bahamas,Silver,0
2021,Qatar,Silver,0
2021,Israel,Silver,0
2021,Switzerland,Silver,4
2021,Ireland,Silver,0
2021,Uganda,Silver,1
2021,Greece,Silver,1
2021,Turkey,Silver,2
2021,Chinese Taipei,Silver,4
2021,Georgia,Silver,5
2021,Uzbekistan,Silver,0
2021,Slovenia,Silver,1
2021,Bulgaria,Silver,1
2021,Belgium,Silver,1
2021,Serbia,Silver,1
2021,Islamic Republic of Iran,Silver,2
2021,Croatia,Silver,3
2021,Ecuador,Silver,1
2021,Namibia,Gold,0
2021,Slovenia,Gold,3
2021,Lithuania,Gold,0
2021,"Hong Kong, China",Gold,1
2021,India,Gold,1
2021,Venezuela,Gold,1
2021,Romania,Gold,1
2021,Belarus,Gold,1
2021,Ukraine,Gold,1
2021,Kosovo,Gold,2
2021,Bahamas,Gold,2
2021,Qatar,Gold,2
2021,Israel,Gold,2
2021,Ireland,Gold,2
2021,Ecuador,Gold,2
2021,Uganda,Gold,2
2021,Greece,Gold,2
2021,Turkey,Gold,2
2021,Chinese Taipei,Gold,2
2021,Georgia,Gold,2
2021,Uzbekistan,Gold,3
2021,South Africa,Silver,2
2021,Bulgaria,Gold,3
2021,Belgium,Gold,3
2021,Serbia,Gold,3
2021,Islamic Republic of Iran,Gold,3
2021,Croatia,Gold,3
2021,Denmark,Gold,3
2021,Philippines,Gold,1
2021,North Macedonia,Gold,0
2021,Slovakia,Gold,1
2021,Austria,Gold,1
2021,Saudi Arabia,Gold,0
2021,Bahrain,Gold,0
2021,Nigeria,Gold,0
2021,Malaysia,Gold,0
2021,Jordan,Gold,0
2021,San Marino,Gold,0
2021,Argentina,Gold,0
2021,Mongolia,Gold,0
2021,Kyrgyzstan,Gold,0
2021,Armenia,Gold,0
2021,Dominican Republic,Gold,0
2021,Azerbaijan,Gold,0
2021,Colombia,Gold,0
2021,Puerto Rico,Gold,1
2021,Morocco,Gold,1
2021,Bermuda,Gold,1
2021,Thailand,Gold,1
2021,Latvia,Gold,1
2021,Fiji,Gold,1
2021,Estonia,Gold,1
2021,Tunisia,Gold,1
2021,Portugal,Gold,1
2021,Ethiopia,Gold,1
2021,Indonesia,Gold,1
2021,Egypt,Gold,1
2021,South Africa,Gold,1
2021,Austria,Silver,1
2021,Czech Republic,Bronze,3
2021,Indonesia,Silver,1
2021,Egypt,Bronze,4
2021,Austria,Bronze,5
2021,South Africa,Bronze,0
2021,Slovakia,Bronze,1
2021,Philippines,Bronze,1
2021,"Hong Kong, China",Bronze,3
2021,India,Bronze,4
2021,Venezuela,Bronze,0
2021,Romania,Bronze,0
2021,Belarus,Bronze,3
2021,Ukraine,Bronze,12
2021,Kosovo,Bronze,0
2021,Bahamas,Bronze,0
2021,Qatar,Bronze,1
2021,Israel,Bronze,2
2021,Ireland,Bronze,2
2021,Ecuador,Bronze,0
2021,Uganda,Bronze,1
2021,Greece,Bronze,1
2021,Turkey,Bronze,9
2021,Chinese Taipei,Bronze,6
2021,Georgia,Bronze,1
2021,Uzbekistan,Bronze,2
2021,Slovenia,Bronze,1
2021,Bulgaria,Bronze,2
2021,Indonesia,Bronze,3
2021,Belgium,Bronze,3
2021,Ethiopia,Bronze,2
2021,Tunisia,Bronze,0
2021,Kazakhstan,Bronze,8
2021,Turkmenistan,Bronze,0
2021,Namibia,Bronze,0
2021,North Macedonia,Bronze,0
2021,Lithuania,Bronze,0
2021,Saudi Arabia,Bronze,0
2021,Bahrain,Bronze,0
2021,Nigeria,Bronze,1
2021,Malaysia,Bronze,1
2021,Jordan,Bronze,1
2021,San Marino,Bronze,2
2021,Argentina,Bronze,2
2021,Mongolia,Bronze,3
2021,Kyrgyzstan,Bronze,1
2021,Armenia,Bronze,2
2021,Dominican Republic,Bronze,2
2021,Azerbaijan,Bronze,4
2021,Colombia,Bronze,1
2021,Puerto Rico,Bronze,0
2021,Morocco,Bronze,0
2021,Bermuda,Bronze,0
2021,Thailand,Bronze,1
2021,Latvia,Bronze,1
2021,Fiji,Bronze,1
2021,Estonia,Bronze,1
2021,Portugal,Bronze,2
2021,Serbia,Bronze,5
2021,Islamic Republic of Iran,Bronze,2
2021,Croatia,Bronze,2
2021,North Macedonia,Silver,1
2021,Lithuania,Silver,1
2021,Saudi Arabia,Silver,1
2021,Bahrain,Silver,1
2021,Nigeria,Silver,1
2021,Malaysia,Silver,1
2021,Jordan,Silver,1
2021,San Marino,Silver,1
2021,Argentina,Silver,1
2021,Mongolia,Silver,1
2021,Kyrgyzstan,Silver,2
2021,Armenia,Silver,2
2021,Dominican Republic,Silver,3
2021,Azerbaijan,Silver,3
2021,Colombia,Silver,4
2021,Puerto Rico,Silver,0
2021,Morocco,Silver,0
2021,Bermuda,Silver,0
2021,Thailand,Silver,0
2021,Latvia,Silver,0
2021,Fiji,Silver,0
2021,Estonia,Silver,0
2021,Tunisia,Silver,1
2021,Portugal,Silver,1
2021,Ethiopia,Silver,1
2021,Namibia,Silver,1
2021,Turkmenistan,Silver,1
2021,Kazakhstan,Silver,0
2021,Mexico,Silver,0
2021,Denmark,Bronze,4
2021,Switzerland,Bronze,6
2021,Sweden,Bronze,0
2021,Spain,Bronze,6
2021,Jamaica,Bronze,4
2021,Norway,Bronze,2
2021,Kenya,Bronze,2
2021,Switzerland,Gold,3
2021,Poland,Bronze,5
2021,Republic of Korea,Bronze,10
2021,Hungary,Bronze,7
2021,Cuba,Bronze,5
2021,Egypt,Silver,1
2021,New Zealand,Bronze,7
2021,Canada,Bronze,11
2021,Italy,Bronze,20
2021,Germany,Bronze,16
2021,France,Bronze,11
2021,Netherlands,Bronze,14
2021,Australia,Bronze,22
2021,ROC,Bronze,23
2021,Great Britain,Bronze,22
2021,Japan,Bronze,17
2021,People's Republic of China,Bronze,18
2021,United States,Bronze,33
2021,Finland,Silver,0
2021,Brazil,Bronze,8
2021,Sweden,Gold,3
2021,Finland,Bronze,2
2021,Jamaica,Gold,4
2021,Spain,Gold,3
2021,Mexico,Bronze,4
2021,United States,Gold,39
2021,People's Republic of China,Gold,38
2021,Japan,Gold,27
2021,Great Britain,Gold,22
2021,Australia,Gold,17
2021,Netherlands,Gold,10
2021,France,Gold,10
2021,Germany,Gold,10
2021,ROC,Gold,20
2021,Canada,Gold,7
2021,Brazil,Gold,7
2021,New Zealand,Gold,7
2021,Cuba,Gold,7
2021,Hungary,Gold,6
2021,Republic of Korea,Gold,6
2021,Poland,Gold,4
2021,Czech Republic,Gold,4
2021,Kenya,Gold,4
2021,Italy,Gold,10
2021,Norway,Gold,4
2024,Ecuador,Gold Medal,1
2024,Ecuador,Silver Medal,2
2024,Egypt,Bronze Medal,1
2024,Egypt,Gold Medal,1
2024,France,Bronze Medal,22
2024,Ethiopia,Gold Medal,1
2024,Ethiopia,Silver Medal,3
2024,Fiji,Silver Medal,1
2024,Ecuador,Bronze Medal,2
2024,Egypt,Silver Medal,1
2024,EOR,Bronze Medal,1
2024,Czechia,Gold Medal,3
2024,Dominican Republic,Bronze Medal,2
2024,Dominica,Gold Medal,1
2024,Denmark,Silver Medal,2
2024,Denmark,Gold Medal,2
2024,Denmark,Bronze Medal,5
2024,DPR Korea,Silver Medal,2
2024,DPR Korea,Bronze Medal,4
2024,Cte d'Ivoire,Bronze Medal,1
2024,France,Gold Medal,16
2024,Czechia,Bronze Medal,2
2024,Dominican Republic,Gold Medal,1
2024,France,Silver Medal,26
2024,Greece,Gold Medal,1
2024,Georgia,Gold Medal,3
2024,India,Bronze Medal,5
2024,IR Iran,Silver Medal,6
2024,IR Iran,Gold Medal,3
2024,IR Iran,Bronze Medal,3
2024,Hungary,Silver Medal,7
2024,Hungary,Gold Medal,6
2024,Hungary,Bronze Medal,6
2024,"Hong Kong, China",Gold Medal,2
2024,"Hong Kong, China",Bronze Medal,2
2024,Guatemala,Gold Medal,1
2024,Georgia,Bronze Medal,1
2024,Guatemala,Bronze Medal,1
2024,Greece,Silver Medal,1
2024,Cyprus,Silver Medal,1
2024,Greece,Bronze Medal,6
2024,Great Britain,Silver Medal,22
2024,Great Britain,Gold Medal,14
2024,Great Britain,Bronze Medal,29
2024,Germany,Silver Medal,13
2024,Germany,Gold Medal,12
2024,Germany,Bronze Medal,8
2024,Georgia,Silver Medal,3
2024,Grenada,Bronze Medal,2
2024,Cuba,Silver Medal,1
2024,China,Gold Medal,40
2024,Cuba,Bronze Medal,6
2024,Bahrain,Silver Medal,1
2024,Bahrain,Gold Medal,2
2024,Bahrain,Bronze Medal,1
2024,Azerbaijan,Silver Medal,2
2024,Azerbaijan,Gold Medal,2
2024,Azerbaijan,Bronze Medal,3
2024,Austria,Gold Medal,2
2024,Austria,Bronze Medal,3
2024,Australia,Silver Medal,19
2024,Australia,Gold Medal,18
2024,Belgium,Bronze Medal,6
2024,Australia,Bronze Medal,16
2024,Armenia,Bronze Medal,1
2024,Argentina,Silver Medal,1
2024,Argentina,Gold Medal,1
2024,Argentina,Bronze Medal,1
2024,Algeria,Gold Medal,2
2024,Algeria,Bronze Medal,1
2024,Albania,Bronze Medal,2
2024,AIN,Silver Medal,3
2024,AIN,Gold Medal,1
2024,AIN,Bronze Medal,1
2024,Armenia,Silver Medal,3
2024,Belgium,Gold Medal,3
2024,Belgium,Silver Medal,1
2024,Botswana,Gold Medal,1
2024,Croatia,Silver Medal,2
2024,Croatia,Gold Medal,2
2024,Croatia,Bronze Medal,3
2024,Colombia,Silver Medal,3
2024,Colombia,Bronze Medal,1
2024,Chinese Taipei,Gold Medal,2
2024,Chinese Taipei,Bronze Medal,5
2024,China,Silver Medal,27
2024,India,Silver Medal,1
2024,China,Bronze Medal,24
2024,Chile,Silver Medal,1
2024,Chile,Gold Medal,1
2024,Canada,Silver Medal,7
2024,Canada,Gold Medal,9
2024,Canada,Bronze Medal,11
2024,Cabo Verde,Bronze Medal,1
2024,Bulgaria,Silver Medal,1
2024,Bulgaria,Gold Medal,3
2024,Bulgaria,Bronze Medal,3
2024,Brazil,Silver Medal,7
2024,Brazil,Gold Medal,3
2024,Brazil,Bronze Medal,10
2024,Botswana,Silver Medal,1
2024,Cuba,Gold Medal,2
2024,Indonesia,Bronze Medal,1
2024,Jamaica,Gold Medal,1
2024,Ireland,Bronze Medal,3
2024,Spain,Silver Medal,4
2024,Spain,Bronze Medal,9
2024,South Africa,Silver Medal,3
2024,South Africa,Gold Medal,1
2024,South Africa,Bronze Medal,2
2024,Slovenia,Silver Medal,1
2024,Slovenia,Gold Medal,2
2024,Slovakia,Bronze Medal,1
2024,Singapore,Bronze Medal,1
2024,Serbia,Silver Medal,1
2024,Sweden,Bronze Medal,3
2024,Serbia,Gold Medal,3
2024,Saint Lucia,Silver Medal,1
2024,Saint Lucia,Gold Medal,1
2024,Romania,Silver Medal,4
2024,Romania,Gold Medal,3
2024,Romania,Bronze Medal,2
2024,Republic of Moldova,Silver Medal,1
2024,Republic of Moldova,Bronze Medal,3
2024,Qatar,Bronze Medal,1
2024,Puerto Rico,Bronze Medal,2
2024,Portugal,Silver Medal,2
2024,Serbia,Bronze Medal,1
2024,Sweden,Gold Medal,4
2024,Sweden,Silver Medal,4
2024,Switzerland,Bronze Medal,5
2024,Zambia,Bronze Medal,1
2024,Uzbekistan,Silver Medal,2
2024,Uzbekistan,Gold Medal,8
2024,Uzbekistan,Bronze Medal,3
2024,United States,Silver Medal,44
2024,United States,Gold Medal,40
2024,United States,Bronze Medal,42
2024,Ukraine,Silver Medal,5
2024,Ukraine,Gold Medal,3
2024,Ukraine,Bronze Medal,4
2024,Uganda,Silver Medal,1
2024,Uganda,Gold Medal,1
2024,Trkiye,Silver Medal,3
2024,Trkiye,Bronze Medal,5
2024,Tunisia,Silver Medal,1
2024,Tunisia,Gold Medal,1
2024,Tunisia,Bronze Medal,1
2024,Thailand,Silver Medal,3
2024,Thailand,Gold Medal,1
2024,Thailand,Bronze Medal,2
2024,Tajikistan,Bronze Medal,3
2024,Switzerland,Silver Medal,2
2024,Switzerland,Gold Medal,1
2024,Portugal,Gold Medal,1
2024,Indonesia,Gold Medal,2
2024,Portugal,Bronze Medal,1
2024,Poland,Gold Medal,1
2024,Korea,Silver Medal,9
2024,Korea,Gold Medal,13
2024,Korea,Bronze Medal,10
2024,Kenya,Silver Medal,2
2024,Kenya,Gold Medal,4
2024,Kenya,Bronze Medal,5
2024,Kazakhstan,Silver Medal,3
2024,Kazakhstan,Gold Medal,1
2024,Kazakhstan,Bronze Medal,3
2024,Jordan,Silver Medal,1
2024,Kosovo,Bronze Medal,1
2024,Japan,Silver Medal,12
2024,Japan,Bronze Medal,13
2024,Jamaica,Silver Medal,3
2024,Jamaica,Bronze Medal,2
2024,Italy,Silver Medal,13
2024,Italy,Gold Medal,12
2024,Italy,Bronze Medal,15
2024,Israel,Silver Medal,5
2024,Israel,Gold Medal,1
2024,Israel,Bronze Medal,1
2024,Ireland,Gold Medal,4
2024,Japan,Gold Medal,20
2024,Kosovo,Silver Medal,1
2024,Kyrgyzstan,Bronze Medal,4
2024,Kyrgyzstan,Silver Medal,2
2024,Poland,Bronze Medal,5
2024,Philippines,Gold Medal,2
2024,Philippines,Bronze Medal,2
2024,Peru,Bronze Medal,1
2024,Panama,Silver Medal,1
2024,Pakistan,Gold Medal,1
2024,Norway,Silver Medal,1
2024,Norway,Gold Medal,4
2024,Norway,Bronze Medal,3
2024,New Zealand,Silver Medal,7
2024,New Zealand,Gold Medal,10
2024,New Zealand,Bronze Medal,3
2024,Netherlands,Silver Medal,7
2024,Netherlands,Gold Medal,15
2024,Netherlands,Bronze Medal,12
2024,Morocco,Gold Medal,1
2024,Morocco,Bronze Medal,1
2024,Mongolia,Silver Medal,1
2024,Mexico,Silver Medal,3
2024,Mexico,Bronze Medal,2
2024,Malaysia,Bronze Medal,2
2024,Lithuania,Silver Medal,2
2024,Lithuania,Bronze Medal,2
2024,Poland,Silver Medal,4
2024,Spain,Gold Medal,5
